domain,best_site_name,scraping_status_code
empower.me,,200
emscharts.com,,200
encharge.io,Encharge,200
euractiv.com,Euractiv,200
filecr.com,,200
focusschoolsoftware.com,Focus School Software,200
frontsrv.com,,Error
gamingadlt.com,,200
giaohangtietkiem.vn,,200
gmoserver.jp,,Error
hrcdn.net,,200
ingles.com,inglés.com,200
keff.org,KeFF VPS,200
lovecrafts.co,,Error
msrb.org,,Error
naturalnews.com,NaturalNews.com,200
pcmiracles.com,,200
photocircleapp.com,friends,200
qu.ax,,200
qumg.net,,Error
restaurant.com,,Error
richinfo.co,,Error
riot-sso.net,,Error
rtvslo.si,RTV SLO,200
startlap.hu,Startlap,200
superonline.net,Işık Hızında Fiber İnternet için Superonline’a Gel,200
tibber.com,Forget everything you know about energy companies ⚡️ Tibber,200
tmoney.co.kr,티머니,200
trippro.com,Mondee,200
unimeal.com,,200
vaimo.network,,200
vashi-novosti.com,Последние новости,200
zybrdr.com,,Error
org.vn,,Error
ankiuser.net,,200
apstylebook.com,Associated Press Stylebook,200
asme.org,ASME,200
bodwordaptera.com,,Error
botlers.io,,Error
brooksidepei.ca,,Error
camworks.com,CAMWorks,200
cdn-expressen.se,Bonnier News,200
cpcphone.com,,Error
einthusan.tv,Einthusan,200
factormedia.biz,,Error
fileandservexpress.com,File & ServeXpress,200
getfireshot.com,FireShot,200
getreditus.com,,200
gogoanimehd.io,,Error
habby.com,,200
vdtuzv.com,,Error
iehp.org,IEHP,200
jeniusplay.com,,Error
jovetech.com,,Error
lifeloveandsugar.com,,200
mediadelivery.fi,,Error
molutions.de,,Error
momentfeed.com,MomentFeed,200
myinfrascale.com,,Error
nativeroll.tv,,Error
otodom.pl,,Error
pulzo.com,,Error
radai-systems.com,,Error
transspay.net,,Error
supplypro.com,SupplyPro,200
test-ipv6.com,Test your IPv6.,200
trovesite.com,,Error
unian.net,УНИАН,200
vmring.cc,,Error
webshare.io,Webshare,200
wikem.org,,200
wko.at,,200
ysscores.com,,200
adplogger.no,,Error
anfcorp.com,,Error
aztaxes.gov,,200
bbtipstv.com,,Error
codedish.co,Code Dish,200
continente.pt,,Error
cutercounter.com,,200
tbs.toys,,Error
easyeda.com,EasyEDA,200
eldiario.es,elDiario.es,200
engageus.com,,Error
ent-sessionm.com,,Error
ewrevenuewasa.info,,Error
faceueditorv.com,,Error
fridaystudentportal.com,,Error
ivelelasticalsdeb.info,,Error
karauctionservices.com,,200
livehealthyignite.com,,Error
metroworldnews.com,Metro World News,200
minesweeperonline.com,Minesweeper Online,200
msauth.cn,,Error
mycarly.com,,200
mycoverageinfo.com,MyCoverageInfo,200
myglue.com,MyGlue,200
nominalia.com,Nominalia,200
on-site.com,Site,200
onelittleproject.com,,200
