URL,ip_address,Traffic
https://ipinfo.io/111.90.150.204,111.90.150.204,7014
https://ipinfo.io/172.16.50.4,172.16.50.4,4975
https://ipinfo.io/1.0.0.1,1.0.0.1,3754
https://ipinfo.io/1.254.254.254,1.254.254.254,3512
https://ipinfo.io/185.63.253.200,185.63.253.200,2493
https://ipinfo.io/1.0.0.0,1.0.0.0,2072
https://ipinfo.io/10.16.100.244,10.16.100.244,1995
https://ipinfo.io/45.76.33.4,45.76.33.4,1885
https://ipinfo.io/2.2.2.2,2.2.2.2,1839
https://ipinfo.io/4.4.4.4,4.4.4.4,1805
https://ipinfo.io/192.168.49.1,192.168.49.1,1513
https://ipinfo.io/172.67.154.63,172.67.154.63,1498
https://ipinfo.io/192.168.1.1,192.168.1.1,1459
https://ipinfo.io/172.16.50.7,172.16.50.7,1302
https://ipinfo.io/104.21.86.25,104.21.86.25,1287
https://ipinfo.io/111.90.159.132,111.90.159.132,1187
https://ipinfo.io/104.21.66.3,104.21.66.3,1122
https://ipinfo.io/164.68.127.15,164.68.127.15,1030
https://ipinfo.io/172.16.50.14,172.16.50.14,1008
https://ipinfo.io/104.21.12.184,104.21.12.184,947
https://ipinfo.io/10.10.10.1,10.10.10.1,931
https://ipinfo.io/1.192.1.1,1.192.1.1,913
https://ipinfo.io/192.168.31.1,192.168.31.1,858
https://ipinfo.io/192.124.249.7,192.124.249.7,825
https://ipinfo.io/8.8.8.8,8.8.8.8,700
https://ipinfo.io/172.67.206.168,172.67.206.168,673
https://ipinfo.io/134.209.138.139,134.209.138.139,641
https://ipinfo.io/82.192.65.66,82.192.65.66,639
https://ipinfo.io/10.0.0.11,10.0.0.11,638
https://ipinfo.io/10.10.0.1,10.10.0.1,635
https://ipinfo.io/104.21.33.9,104.21.33.9,613
https://ipinfo.io/194.233.66.232,194.233.66.232,610
https://ipinfo.io/172.67.216.175,172.67.216.175,605
https://ipinfo.io/10.5.50.1,10.5.50.1,576
https://ipinfo.io/10.20.30.40,10.20.30.40,559
https://ipinfo.io/10.10.10.10,10.10.10.10,532
https://ipinfo.io/104.21.89.189,104.21.89.189,526
https://ipinfo.io/11.0.0.0,11.0.0.0,481
https://ipinfo.io/100.0.0.1,100.0.0.1,473
https://ipinfo.io/74.117.179.88,74.117.179.88,469
https://ipinfo.io/50.50.50.50,50.50.50.50,468
https://ipinfo.io/192.168.0.102,192.168.0.102,465
https://ipinfo.io/5.5.5.5,5.5.5.5,438
https://ipinfo.io/11.0.0.1,11.0.0.1,430
https://ipinfo.io/10.189.2.150,10.189.2.150,424
https://ipinfo.io/192.168.18.1,192.168.18.1,423
https://ipinfo.io/172.67.222.186,172.67.222.186,419
https://ipinfo.io/202.53.171.13,202.53.171.13,414
https://ipinfo.io/46.166.167.16,46.166.167.16,403
https://ipinfo.io/172.27.27.3,172.27.27.3,387
https://ipinfo.io/104.21.51.125,104.21.51.125,385
https://ipinfo.io/104.21.28.33,104.21.28.33,379
https://ipinfo.io/10.11.12.13,10.11.12.13,374
https://ipinfo.io/128.199.182.182,128.199.182.182,359
https://ipinfo.io/173.208.216.250,173.208.216.250,358
https://ipinfo.io/10.5.2.32,10.5.2.32,356
https://ipinfo.io/11.11.11.11,11.11.11.11,352
https://ipinfo.io/192.168.0.222,192.168.0.222,351
https://ipinfo.io/188.165.4.35,188.165.4.35,351
https://ipinfo.io/10.10.1.1,10.10.1.1,349
https://ipinfo.io/192.168.101.1,192.168.101.1,346
https://ipinfo.io/172.67.139.93,172.67.139.93,335
https://ipinfo.io/192.168.0.101,192.168.0.101,334
https://ipinfo.io/192.168.0.106,192.168.0.106,329
https://ipinfo.io/37.221.162.250,37.221.162.250,325
https://ipinfo.io/172.16.50.5,172.16.50.5,324
https://ipinfo.io/172.67.145.4,172.67.145.4,322
https://ipinfo.io/10.100.100.10,10.100.100.10,320
https://ipinfo.io/10.215.4.30,10.215.4.30,310
https://ipinfo.io/192.168.110.1,192.168.110.1,310
https://ipinfo.io/172.67.169.24,172.67.169.24,306
https://ipinfo.io/66.249.64.249,66.249.64.249,303
https://ipinfo.io/192.168.1.6,192.168.1.6,299
https://ipinfo.io/192.168.7.1,192.168.7.1,295
https://ipinfo.io/11.11.11.1,11.11.11.1,294
https://ipinfo.io/192.168.0.107,192.168.0.107,292
https://ipinfo.io/172.217.16.195,172.217.16.195,291
https://ipinfo.io/192.168.0.104,192.168.0.104,291
https://ipinfo.io/172.16.50.9,172.16.50.9,283
https://ipinfo.io/192.168.0.200,192.168.0.200,275
https://ipinfo.io/192.168.0.103,192.168.0.103,268
https://ipinfo.io/192.168.1.4,192.168.1.4,255
https://ipinfo.io/9.9.9.9,9.9.9.9,253
https://ipinfo.io/100.100.100.2,100.100.100.2,250
https://ipinfo.io/10.10.10.5,10.10.10.5,250
https://ipinfo.io/15.0.0.1,15.0.0.1,249
https://ipinfo.io/111.90.150.205,111.90.150.205,247
https://ipinfo.io/172.67.181.57,172.67.181.57,244
https://ipinfo.io/172.67.205.231,172.67.205.231,241
https://ipinfo.io/104.21.28.196,104.21.28.196,237
https://ipinfo.io/104.26.15.246,104.26.15.246,232
https://ipinfo.io/10.10.2.6,10.10.2.6,231
https://ipinfo.io/192.119.111.114,192.119.111.114,229
https://ipinfo.io/6.6.6.6,6.6.6.6,225
https://ipinfo.io/192.168.8.1,192.168.8.1,224
https://ipinfo.io/10.10.10.2,10.10.10.2,220
https://ipinfo.io/192.168.1.8,192.168.1.8,216
https://ipinfo.io/103.23.150.192,103.23.150.192,213
https://ipinfo.io/192.168.0.105,192.168.0.105,210
https://ipinfo.io/192.168.1.102,192.168.1.102,209
https://ipinfo.io/1.0.0.10,1.0.0.10,207
https://ipinfo.io/111.90.150.185,111.90.150.185,203
https://ipinfo.io/172.67.188.227,172.67.188.227,202
https://ipinfo.io/192.168.0.100,192.168.0.100,202
https://ipinfo.io/10.10.1.9,10.10.1.9,201
https://ipinfo.io/100.10.10.100,100.10.10.100,201
https://ipinfo.io/1.2.3.4,1.2.3.4,199
https://ipinfo.io/192.168.0.254,192.168.0.254,195
https://ipinfo.io/30.30.30.30,30.30.30.30,190
https://ipinfo.io/192.168.0.108,192.168.0.108,190
https://ipinfo.io/192.168.1.7,192.168.1.7,186
https://ipinfo.io/172.16.50.2,172.16.50.2,186
https://ipinfo.io/192.168.70.1,192.168.70.1,186
https://ipinfo.io/192.168.192.15,192.168.192.15,185
https://ipinfo.io/220.156.188.229,220.156.188.229,183
https://ipinfo.io/10.1.1.0,10.1.1.0,183
https://ipinfo.io/172.67.155.20,172.67.155.20,178
https://ipinfo.io/172.67.146.248,172.67.146.248,177
https://ipinfo.io/10.10.10.11,10.10.10.11,176
https://ipinfo.io/192.168.50.50,192.168.50.50,172
https://ipinfo.io/192.168.100.2,192.168.100.2,170
https://ipinfo.io/172.67.71.114,172.67.71.114,170
https://ipinfo.io/172.16.16.16,172.16.16.16,167
https://ipinfo.io/10.5.1.2,10.5.1.2,165
https://ipinfo.io/172.16.0.27,172.16.0.27,164
https://ipinfo.io/164.100.94.113,164.100.94.113,164
https://ipinfo.io/172.2.2.1,172.2.2.1,163
https://ipinfo.io/192.168.1.101,192.168.1.101,161
https://ipinfo.io/103.23.150.186,103.23.150.186,161
https://ipinfo.io/192.168.10.110,192.168.10.110,161
https://ipinfo.io/209.85.220.41,209.85.220.41,160
https://ipinfo.io/0.1.1.1,0.1.1.1,160
https://ipinfo.io/192.168.0.50,192.168.0.50,159
https://ipinfo.io/50.50.50.20,50.50.50.20,157
https://ipinfo.io/172.67.199.76,172.67.199.76,154
https://ipinfo.io/192.168.1.104,192.168.1.104,153
https://ipinfo.io/192.168.1.9,192.168.1.9,150
https://ipinfo.io/103.109.102.203,103.109.102.203,149
https://ipinfo.io/15.1.1.1,15.1.1.1,149
https://ipinfo.io/0.0.0.1,0.0.0.1,149
https://ipinfo.io/104.21.73.105,104.21.73.105,147
https://ipinfo.io/10.16.8.72,10.16.8.72,146
https://ipinfo.io/111.90.176.10,111.90.176.10,144
https://ipinfo.io/1.1.1.3,1.1.1.3,144
https://ipinfo.io/192.168.1.20,192.168.1.20,143
https://ipinfo.io/10.0.0.3,10.0.0.3,143
https://ipinfo.io/10.10.10.100,10.10.10.100,141
https://ipinfo.io/208.67.222.222,208.67.222.222,141
https://ipinfo.io/10.1.0.1,10.1.0.1,141
https://ipinfo.io/10.99.99.99,10.99.99.99,139
https://ipinfo.io/185.63.0.164,185.63.0.164,139
https://ipinfo.io/168.192.0.1,168.192.0.1,138
https://ipinfo.io/136.175.10.10,136.175.10.10,138
https://ipinfo.io/100.1.1.1,100.1.1.1,137
https://ipinfo.io/192.168.0.112,192.168.0.112,137
https://ipinfo.io/192.168.0.199,192.168.0.199,134
https://ipinfo.io/190.168.0.1,190.168.0.1,132
https://ipinfo.io/192.168.1.60,192.168.1.60,131
https://ipinfo.io/196.168.0.1,196.168.0.1,131
https://ipinfo.io/10.0.101.10,10.0.101.10,129
https://ipinfo.io/198.168.100.1,198.168.100.1,129
https://ipinfo.io/193.168.0.1,193.168.0.1,126
https://ipinfo.io/3.3.3.3,3.3.3.3,125
https://ipinfo.io/192.1.100.200,192.1.100.200,124
https://ipinfo.io/91.209.70.91,91.209.70.91,124
https://ipinfo.io/192.168.50.1,192.168.50.1,123
https://ipinfo.io/172.16.16.4,172.16.16.4,123
https://ipinfo.io/195.49.189.179,195.49.189.179,121
https://ipinfo.io/10.0.0.254,10.0.0.254,121
https://ipinfo.io/127.0.0.1,127.0.0.1,121
https://ipinfo.io/192.168.1.16,192.168.1.16,121
https://ipinfo.io/192.168.100.4,192.168.100.4,120
https://ipinfo.io/192.16.168.1,192.16.168.1,120
https://ipinfo.io/223.5.5.5,223.5.5.5,118
https://ipinfo.io/45.76.33.84,45.76.33.84,116
https://ipinfo.io/172.16.0.1,172.16.0.1,115
https://ipinfo.io/192.168.0.111,192.168.0.111,115
https://ipinfo.io/10.10.0.0,10.10.0.0,115
https://ipinfo.io/192.168.0.109,192.168.0.109,114
https://ipinfo.io/111.90.69.25,111.90.69.25,113
https://ipinfo.io/192.168.43.1,192.168.43.1,112
https://ipinfo.io/163.49.60.95,163.49.60.95,112
https://ipinfo.io/192.168.0.5,192.168.0.5,112
https://ipinfo.io/164.68.115.8,164.68.115.8,111
https://ipinfo.io/10.1.1.7,10.1.1.7,111
https://ipinfo.io/164.68.111.161,164.68.111.161,110
https://ipinfo.io/192.168.2.2,192.168.2.2,110
https://ipinfo.io/192.168.10.100,192.168.10.100,110
https://ipinfo.io/110.0.0.1,110.0.0.1,109
https://ipinfo.io/192.168.1.188,192.168.1.188,108
https://ipinfo.io/192.168.0.110,192.168.0.110,108
https://ipinfo.io/1.1.1.10,1.1.1.10,108
https://ipinfo.io/20.20.20.1,20.20.20.1,107
https://ipinfo.io/192.168.100.6,192.168.100.6,107
https://ipinfo.io/192.169.0.1,192.169.0.1,104
https://ipinfo.io/192.168.1.12,192.168.1.12,103
https://ipinfo.io/83.102.180.167,83.102.180.167,103
https://ipinfo.io/172.168.0.1,172.168.0.1,102
https://ipinfo.io/54.72.108.69,54.72.108.69,101
https://ipinfo.io/192.168.1.108,192.168.1.108,101
https://ipinfo.io/172.67.68.13,172.67.68.13,100
https://ipinfo.io/10.10.10.120,10.10.10.120,100
https://ipinfo.io/111.111.111.111,111.111.111.111,99
https://ipinfo.io/10.10.10.0,10.10.10.0,99
https://ipinfo.io/192.168.0.10,192.168.0.10,98
https://ipinfo.io/10.51.6.1,10.51.6.1,98
https://ipinfo.io/192.168.100.10,192.168.100.10,97
https://ipinfo.io/104.21.61.224,104.21.61.224,97
https://ipinfo.io/0.0.0.0,0.0.0.0,96
https://ipinfo.io/10.0.0.110,10.0.0.110,95
https://ipinfo.io/100.100.100.1,100.100.100.1,94
https://ipinfo.io/192.168.1.128,192.168.1.128,93
https://ipinfo.io/192.168.1.64,192.168.1.64,93
https://ipinfo.io/202.53.8.30,202.53.8.30,93
https://ipinfo.io/1.0.0.11,1.0.0.11,93
https://ipinfo.io/192.168.1.68,192.168.1.68,92
https://ipinfo.io/162.168.1.1,162.168.1.1,92
https://ipinfo.io/10.50.5.1,10.50.5.1,92
https://ipinfo.io/192.186.0.1,192.186.0.1,91
https://ipinfo.io/1.0.0.2,1.0.0.2,91
https://ipinfo.io/191.168.1.27,191.168.1.27,90
https://ipinfo.io/10.100.1.2,10.100.1.2,90
https://ipinfo.io/172.30.1.1,172.30.1.1,90
https://ipinfo.io/216.239.38.120,216.239.38.120,90
https://ipinfo.io/161.47.7.14,161.47.7.14,88
https://ipinfo.io/198.168.0.1,198.168.0.1,87
https://ipinfo.io/199.188.205.62,199.188.205.62,87
https://ipinfo.io/164.68.127.25,164.68.127.25,87
https://ipinfo.io/192.168.0.195,192.168.0.195,86
https://ipinfo.io/192.168.1.18,192.168.1.18,86
https://ipinfo.io/183.82.45.212,183.82.45.212,85
https://ipinfo.io/114.114.114.114,114.114.114.114,85
https://ipinfo.io/104.21.34.96,104.21.34.96,85
https://ipinfo.io/192.168.1.11,192.168.1.11,85
https://ipinfo.io/192.168.0.4,192.168.0.4,85
https://ipinfo.io/192.168.1.105,192.168.1.105,85
https://ipinfo.io/192.168.1.33,192.168.1.33,85
https://ipinfo.io/0.0.0.10,0.0.0.10,85
https://ipinfo.io/192.168.9.1,192.168.9.1,84
https://ipinfo.io/66.254.114.41,66.254.114.41,84
https://ipinfo.io/0.1.0.1,0.1.0.1,84
https://ipinfo.io/129.168.100.1,129.168.100.1,83
https://ipinfo.io/192.168.100.5,192.168.100.5,83
https://ipinfo.io/10.0.0.5,10.0.0.5,83
https://ipinfo.io/129.168.1.1,129.168.1.1,82
https://ipinfo.io/192.168.1.200,192.168.1.200,82
https://ipinfo.io/172.67.170.41,172.67.170.41,82
https://ipinfo.io/192.168.1.14,192.168.1.14,81
https://ipinfo.io/10.0.0.251,10.0.0.251,81
https://ipinfo.io/111.90.150.1,111.90.150.1,81
https://ipinfo.io/192.168.100.100,192.168.100.100,81
https://ipinfo.io/111.90.150.20,111.90.150.20,81
https://ipinfo.io/123.123.0.1,123.123.0.1,81
https://ipinfo.io/192.168.16.1,192.168.16.1,80
https://ipinfo.io/192.168.0.188,192.168.0.188,80
https://ipinfo.io/10.10.11.0,10.10.11.0,79
https://ipinfo.io/128.168.0.1,128.168.0.1,79
https://ipinfo.io/172.20.10.2,172.20.10.2,79
https://ipinfo.io/185.63.235.200,185.63.235.200,79
https://ipinfo.io/10.16.1.161,10.16.1.161,79
https://ipinfo.io/10.141.2.19,10.141.2.19,78
https://ipinfo.io/192.168.55.1,192.168.55.1,78
https://ipinfo.io/1.1.1.0,1.1.1.0,78
https://ipinfo.io/129.168.0.1,129.168.0.1,77
https://ipinfo.io/178.128.220.28,178.128.220.28,77
https://ipinfo.io/7.7.7.7,7.7.7.7,77
https://ipinfo.io/100.100.100.100,100.100.100.100,76
https://ipinfo.io/10.100.100.1,10.100.100.1,76
https://ipinfo.io/192.168.1.15,192.168.1.15,76
https://ipinfo.io/104.26.13.124,104.26.13.124,76
https://ipinfo.io/1.1.1.1,1.1.1.1,76
https://ipinfo.io/2.0.0.9,2.0.0.9,76
https://ipinfo.io/10.3.2.55,10.3.2.55,75
https://ipinfo.io/192.198.1.1,192.198.1.1,74
https://ipinfo.io/191.168.1.1,191.168.1.1,74
https://ipinfo.io/10.0.50.1,10.0.50.1,74
https://ipinfo.io/157.230.41.236,157.230.41.236,74
https://ipinfo.io/10.10.8.1,10.10.8.1,74
https://ipinfo.io/10.255.255.10,10.255.255.10,74
https://ipinfo.io/104.21.30.144,104.21.30.144,74
https://ipinfo.io/10.1.5.50,10.1.5.50,73
https://ipinfo.io/192.168.100.11,192.168.100.11,73
https://ipinfo.io/168.192.1.1,168.192.1.1,73
https://ipinfo.io/196.168.1.1,196.168.1.1,73
https://ipinfo.io/66.249.66.29,66.249.66.29,73
https://ipinfo.io/23.227.38.32,23.227.38.32,73
https://ipinfo.io/156.33.241.5,156.33.241.5,72
https://ipinfo.io/10.150.2.19,10.150.2.19,72
https://ipinfo.io/10.10.10.71,10.10.10.71,71
https://ipinfo.io/36.86.63.182,36.86.63.182,71
https://ipinfo.io/192.1.2.3,192.1.2.3,71
https://ipinfo.io/192.168.10.2,192.168.10.2,71
https://ipinfo.io/66.249.84.64,66.249.84.64,71
https://ipinfo.io/192.168.200.1,192.168.200.1,71
https://ipinfo.io/120.0.0.1,120.0.0.1,71
https://ipinfo.io/119.29.29.29,119.29.29.29,70
https://ipinfo.io/157.230.79.142,157.230.79.142,70
https://ipinfo.io/104.21.77.222,104.21.77.222,70
https://ipinfo.io/50.0.0.20,50.0.0.20,69
https://ipinfo.io/192.168.100.3,192.168.100.3,69
https://ipinfo.io/10.0.0.30,10.0.0.30,69
https://ipinfo.io/192.168.1.65,192.168.1.65,69
https://ipinfo.io/172.22.22.101,172.22.22.101,69
https://ipinfo.io/81.196.2.129,81.196.2.129,68
https://ipinfo.io/213.55.94.34,213.55.94.34,68
https://ipinfo.io/88.208.55.41,88.208.55.41,68
https://ipinfo.io/172.16.1.1,172.16.1.1,68
https://ipinfo.io/172.67.147.125,172.67.147.125,68
https://ipinfo.io/111.90.150.104,111.90.150.104,68
https://ipinfo.io/192.168.100.8,192.168.100.8,68
https://ipinfo.io/172.16.1.50,172.16.1.50,68
https://ipinfo.io/12.1.1.1,12.1.1.1,68
https://ipinfo.io/10.10.2.1,10.10.2.1,67
https://ipinfo.io/10.0.0.252,10.0.0.252,67
https://ipinfo.io/198.54.124.245,198.54.124.245,67
https://ipinfo.io/198.168.8.1,198.168.8.1,67
https://ipinfo.io/192.168.1.25,192.168.1.25,66
https://ipinfo.io/182.168.100.1,182.168.100.1,66
https://ipinfo.io/192.168.100.9,192.168.100.9,65
https://ipinfo.io/192.168.4.1,192.168.4.1,65
https://ipinfo.io/192.168.1.35,192.168.1.35,65
https://ipinfo.io/192.168.1.109,192.168.1.109,65
https://ipinfo.io/192.169.5.22,192.169.5.22,65
https://ipinfo.io/103.29.44.4,103.29.44.4,65
https://ipinfo.io/10.10.10.101,10.10.10.101,65
https://ipinfo.io/192.168.0.8,192.168.0.8,64
https://ipinfo.io/192.168.203.1,192.168.203.1,64
https://ipinfo.io/10.100.0.1,10.100.0.1,64
https://ipinfo.io/182.168.1.1,182.168.1.1,64
https://ipinfo.io/192.2.0.1,192.2.0.1,64
https://ipinfo.io/192.168.1.39,192.168.1.39,64
https://ipinfo.io/10.0.0.51,10.0.0.51,63
https://ipinfo.io/10.10.100.1,10.10.100.1,63
https://ipinfo.io/192.168.1.66,192.168.1.66,62
https://ipinfo.io/10.10.10.3,10.10.10.3,62
https://ipinfo.io/185.63.253.2,185.63.253.2,62
https://ipinfo.io/192.168.0.11,192.168.0.11,62
https://ipinfo.io/172.67.72.114,172.67.72.114,62
https://ipinfo.io/172.67.177.191,172.67.177.191,62
https://ipinfo.io/8.8.4.4,8.8.4.4,62
https://ipinfo.io/10.2.2.1,10.2.2.1,62
https://ipinfo.io/10.5.0.1,10.5.0.1,62
https://ipinfo.io/192.198.0.1,192.198.0.1,61
https://ipinfo.io/172.17.17.17,172.17.17.17,61
https://ipinfo.io/20.20.20.20,20.20.20.20,61
https://ipinfo.io/185.253.252.155,185.253.252.155,61
https://ipinfo.io/172.20.0.2,172.20.0.2,60
https://ipinfo.io/192.0.2.1,192.0.2.1,60
https://ipinfo.io/10.10.0.11,10.10.0.11,59
https://ipinfo.io/172.67.136.148,172.67.136.148,59
https://ipinfo.io/192.168.10.3,192.168.10.3,59
https://ipinfo.io/192.168.10.10,192.168.10.10,59
https://ipinfo.io/111.90.150.24,111.90.150.24,59
https://ipinfo.io/172.168.1.1,172.168.1.1,59
https://ipinfo.io/208.67.220.220,208.67.220.220,59
https://ipinfo.io/212.175.73.136,212.175.73.136,59
https://ipinfo.io/192.162.1.10,192.162.1.10,58
https://ipinfo.io/192.168.1.111,192.168.1.111,58
https://ipinfo.io/203.112.90.14,203.112.90.14,58
https://ipinfo.io/192.178.1.168,192.178.1.168,58
https://ipinfo.io/111.90.150.109,111.90.150.109,58
https://ipinfo.io/197.156.70.122,197.156.70.122,58
https://ipinfo.io/10.0.0.253,10.0.0.253,57
https://ipinfo.io/172.20.10.1,172.20.10.1,57
https://ipinfo.io/192.168.0.12,192.168.0.12,57
https://ipinfo.io/192.168.100.7,192.168.100.7,57
https://ipinfo.io/192.168.1.106,192.168.1.106,57
https://ipinfo.io/192.168.1.38,192.168.1.38,57
https://ipinfo.io/149.56.24.226,149.56.24.226,56
https://ipinfo.io/172.16.2.1,172.16.2.1,56
https://ipinfo.io/192.168.4.2,192.168.4.2,56
https://ipinfo.io/172.67.129.196,172.67.129.196,56
https://ipinfo.io/172.1.1.1,172.1.1.1,56
https://ipinfo.io/10.10.1.10,10.10.1.10,55
https://ipinfo.io/10.0.0.249,10.0.0.249,55
https://ipinfo.io/104.21.3.20,104.21.3.20,55
https://ipinfo.io/164.100.78.248,164.100.78.248,55
https://ipinfo.io/193.41.63.7,193.41.63.7,55
https://ipinfo.io/192.18.100.2,192.18.100.2,55
https://ipinfo.io/192.168.88.1,192.168.88.1,55
https://ipinfo.io/192.168.11.1,192.168.11.1,54
https://ipinfo.io/193.168.1.1,193.168.1.1,54
https://ipinfo.io/10.20.30.1,10.20.30.1,54
https://ipinfo.io/192.168.1.67,192.168.1.67,53
https://ipinfo.io/192.168.0.15,192.168.0.15,53
https://ipinfo.io/192.162.0.1,192.162.0.1,53
https://ipinfo.io/192.168.100.14,192.168.100.14,53
https://ipinfo.io/197.221.225.186,197.221.225.186,53
https://ipinfo.io/100.10.10.1,100.10.10.1,52
https://ipinfo.io/172.67.139.77,172.67.139.77,52
https://ipinfo.io/192.168.1.155,192.168.1.155,52
https://ipinfo.io/164.100.213.203,164.100.213.203,52
https://ipinfo.io/172.0.0.1,172.0.0.1,52
https://ipinfo.io/203.76.113.123,203.76.113.123,52
https://ipinfo.io/10.0.0.14,10.0.0.14,52
https://ipinfo.io/192.168.0.118,192.168.0.118,52
https://ipinfo.io/192.168.18.2,192.168.18.2,51
https://ipinfo.io/192.168.0.250,192.168.0.250,51
https://ipinfo.io/10.5.50.5,10.5.50.5,51
https://ipinfo.io/192.168.0.9,192.168.0.9,51
https://ipinfo.io/10.100.100.100,10.100.100.100,51
https://ipinfo.io/192.0.0.4,192.0.0.4,51
https://ipinfo.io/149.112.112.112,149.112.112.112,51
https://ipinfo.io/168.192.100.1,168.192.100.1,51
https://ipinfo.io/192.168.1.92,192.168.1.92,51
https://ipinfo.io/104.28.24.161,104.28.24.161,51
https://ipinfo.io/192.168.1.195,192.168.1.195,51
https://ipinfo.io/192.168.1.17,192.168.1.17,51
https://ipinfo.io/104.26.13.138,104.26.13.138,51
https://ipinfo.io/10.0.0.12,10.0.0.12,51
https://ipinfo.io/192.168.60.1,192.168.60.1,50
https://ipinfo.io/192.168.1.112,192.168.1.112,50
https://ipinfo.io/103.81.104.98,103.81.104.98,50
https://ipinfo.io/192.17.1.1,192.17.1.1,50
https://ipinfo.io/192.160.0.1,192.160.0.1,50
https://ipinfo.io/192.168.1.121,192.168.1.121,50
https://ipinfo.io/95.211.189.137,95.211.189.137,50
https://ipinfo.io/54.243.71.82,54.243.71.82,50
https://ipinfo.io/192.168.68.1,192.168.68.1,49
https://ipinfo.io/192.168.0.113,192.168.0.113,49
https://ipinfo.io/192.168.1.23,192.168.1.23,49
https://ipinfo.io/10.41.2.100,10.41.2.100,49
https://ipinfo.io/10.24.0.1,10.24.0.1,49
https://ipinfo.io/10.0.0.250,10.0.0.250,49
https://ipinfo.io/10.10.254.254,10.10.254.254,49
https://ipinfo.io/111.90.150.164,111.90.150.164,49
https://ipinfo.io/198.15.113.37,198.15.113.37,49
https://ipinfo.io/8.0.0.1,8.0.0.1,49
https://ipinfo.io/172.16.10.2,172.16.10.2,48
https://ipinfo.io/192.168.0.201,192.168.0.201,48
https://ipinfo.io/192.168.0.152,192.168.0.152,48
https://ipinfo.io/192.168.10.6,192.168.10.6,48
https://ipinfo.io/192.168.42.1,192.168.42.1,48
https://ipinfo.io/192.168.80.1,192.168.80.1,48
https://ipinfo.io/103.23.150.190,103.23.150.190,48
https://ipinfo.io/192.168.1.26,192.168.1.26,48
https://ipinfo.io/192.168.1.252,192.168.1.252,47
https://ipinfo.io/10.0.0.103,10.0.0.103,47
https://ipinfo.io/17.17.17.17,17.17.17.17,47
https://ipinfo.io/213.55.84.13,213.55.84.13,47
https://ipinfo.io/192.168.8.100,192.168.8.100,47
https://ipinfo.io/10.0.0.21,10.0.0.21,47
https://ipinfo.io/192.16.31.89,192.16.31.89,47
https://ipinfo.io/172.67.195.101,172.67.195.101,46
https://ipinfo.io/203.171.241.84,203.171.241.84,46
https://ipinfo.io/192.168.1.71,192.168.1.71,46
https://ipinfo.io/10.10.0.6,10.10.0.6,46
https://ipinfo.io/10.10.1.5,10.10.1.5,46
https://ipinfo.io/192.168.1.103,192.168.1.103,46
https://ipinfo.io/143.244.220.150,143.244.220.150,46
https://ipinfo.io/10.255.1.1,10.255.1.1,45
https://ipinfo.io/192.168.100.12,192.168.100.12,45
https://ipinfo.io/172.28.28.1,172.28.28.1,45
https://ipinfo.io/192.168.1.245,192.168.1.245,45
https://ipinfo.io/10.11.0.1,10.11.0.1,45
https://ipinfo.io/192.186.1.27,192.186.1.27,44
https://ipinfo.io/162.168.0.250,162.168.0.250,44
https://ipinfo.io/192.16.48.200,192.16.48.200,44
https://ipinfo.io/172.67.160.251,172.67.160.251,44
https://ipinfo.io/193.113.10.24,193.113.10.24,44
https://ipinfo.io/192.168.0.231,192.168.0.231,44
https://ipinfo.io/192.168.100.18,192.168.100.18,44
https://ipinfo.io/52.68.96.58,52.68.96.58,44
https://ipinfo.io/94.140.14.14,94.140.14.14,44
https://ipinfo.io/192.168.50.2,192.168.50.2,44
https://ipinfo.io/5.8.8.8,5.8.8.8,44
https://ipinfo.io/152.199.22.24,152.199.22.24,43
https://ipinfo.io/192.168.0.13,192.168.0.13,43
https://ipinfo.io/10.0.0.19,10.0.0.19,43
https://ipinfo.io/194.168.4.100,194.168.4.100,43
https://ipinfo.io/192.168.1.31,192.168.1.31,43
https://ipinfo.io/192.167.1.12,192.167.1.12,43
https://ipinfo.io/198.168.0.61,198.168.0.61,43
https://ipinfo.io/172.16.0.2,172.16.0.2,43
https://ipinfo.io/185.64.106.147,185.64.106.147,43
https://ipinfo.io/134.209.250.114,134.209.250.114,43
https://ipinfo.io/192.168.1.168,192.168.1.168,43
https://ipinfo.io/10.0.1.1,10.0.1.1,43
https://ipinfo.io/10.0.2.1,10.0.2.1,43
https://ipinfo.io/192.168.2.10,192.168.2.10,42
https://ipinfo.io/192.168.100.13,192.168.100.13,42
https://ipinfo.io/202.70.86.2,202.70.86.2,42
https://ipinfo.io/10.10.10.6,10.10.10.6,42
https://ipinfo.io/192.168.7.2,192.168.7.2,42
https://ipinfo.io/10.0.0.20,10.0.0.20,42
https://ipinfo.io/10.10.10.50,10.10.10.50,42
https://ipinfo.io/192.168.1.100,192.168.1.100,42
https://ipinfo.io/37.5.7.5,37.5.7.5,42
https://ipinfo.io/192.1.1.0,192.1.1.0,41
https://ipinfo.io/208.65.153.238,208.65.153.238,41
https://ipinfo.io/192.167.0.1,192.167.0.1,41
https://ipinfo.io/175.107.63.46,175.107.63.46,41
https://ipinfo.io/111.192.0.1,111.192.0.1,41
https://ipinfo.io/129.168.1.7,129.168.1.7,41
https://ipinfo.io/72.21.81.200,72.21.81.200,41
https://ipinfo.io/192.229.221.95,192.229.221.95,41
https://ipinfo.io/75.75.75.75,75.75.75.75,41
https://ipinfo.io/192.168.1.69,192.168.1.69,40
https://ipinfo.io/192.168.1.80,192.168.1.80,40
https://ipinfo.io/192.168.1.198,192.168.1.198,40
https://ipinfo.io/50.50.50.5,50.50.50.5,40
https://ipinfo.io/192.164.0.1,192.164.0.1,40
https://ipinfo.io/192.168.2.7,192.168.2.7,40
https://ipinfo.io/172.20.0.1,172.20.0.1,40
https://ipinfo.io/192.168.1.40,192.168.1.40,40
https://ipinfo.io/198.252.102.249,198.252.102.249,40
https://ipinfo.io/192.168.225.1,192.168.225.1,40
https://ipinfo.io/172.19.2.250,172.19.2.250,40
https://ipinfo.io/192.168.1.222,192.168.1.222,40
https://ipinfo.io/192.168.100.17,192.168.100.17,40
https://ipinfo.io/10.0.0.4,10.0.0.4,40
https://ipinfo.io/10.3.0.1,10.3.0.1,40
https://ipinfo.io/192.168.0.17,192.168.0.17,39
https://ipinfo.io/192.168.10.254,192.168.10.254,39
https://ipinfo.io/192.1.6.1,192.1.6.1,39
https://ipinfo.io/192.168.100.101,192.168.100.101,39
https://ipinfo.io/192.168.188.1,192.168.188.1,39
https://ipinfo.io/192.168.0.123,192.168.0.123,39
https://ipinfo.io/10.0.21.1,10.0.21.1,39
https://ipinfo.io/192.168.1.72,192.168.1.72,39
https://ipinfo.io/10.0.0.26,10.0.0.26,39
https://ipinfo.io/172.217.23.100,172.217.23.100,39
https://ipinfo.io/192.168.0.114,192.168.0.114,39
https://ipinfo.io/192.168.1.151,192.168.1.151,39
https://ipinfo.io/10.30.0.1,10.30.0.1,39
https://ipinfo.io/192.168.1.110,192.168.1.110,39
https://ipinfo.io/128.0.0.1,128.0.0.1,39
https://ipinfo.io/10.11.1.1,10.11.1.1,39
https://ipinfo.io/192.168.1.250,192.168.1.250,39
https://ipinfo.io/100.100.100.6,100.100.100.6,39
https://ipinfo.io/1.1.1.2,1.1.1.2,39
https://ipinfo.io/45.148.121.144,45.148.121.144,38
https://ipinfo.io/192.168.2.11,192.168.2.11,38
https://ipinfo.io/192.168.0.3,192.168.0.3,38
https://ipinfo.io/187.95.111.114,187.95.111.114,38
https://ipinfo.io/182.168.0.1,182.168.0.1,38
https://ipinfo.io/192.168.0.150,192.168.0.150,38
https://ipinfo.io/192.168.10.5,192.168.10.5,38
https://ipinfo.io/10.20.0.1,10.20.0.1,38
https://ipinfo.io/192.168.1.5,192.168.1.5,38
https://ipinfo.io/10.1.0.10,10.1.0.10,38
https://ipinfo.io/192.168.1.22,192.168.1.22,38
https://ipinfo.io/172.67.75.92,172.67.75.92,38
https://ipinfo.io/121.242.121.42,121.242.121.42,38
https://ipinfo.io/10.0.0.7,10.0.0.7,38
https://ipinfo.io/10.0.4.1,10.0.4.1,38
https://ipinfo.io/172.67.216.185,172.67.216.185,37
https://ipinfo.io/192.168.0.6,192.168.0.6,37
https://ipinfo.io/10.0.0.246,10.0.0.246,37
https://ipinfo.io/197.235.9.97,197.235.9.97,37
https://ipinfo.io/192.158.1.1,192.158.1.1,37
https://ipinfo.io/192.168.1.24,192.168.1.24,37
https://ipinfo.io/192.168.1.47,192.168.1.47,37
https://ipinfo.io/104.21.11.146,104.21.11.146,37
https://ipinfo.io/10.0.0.25,10.0.0.25,37
https://ipinfo.io/192.168.1.240,192.168.1.240,37
https://ipinfo.io/192.168.100.19,192.168.100.19,37
https://ipinfo.io/192.168.0.190,192.168.0.190,36
https://ipinfo.io/191.168.0.1,191.168.0.1,36
https://ipinfo.io/161.47.21.4,161.47.21.4,36
https://ipinfo.io/192.168.1.244,192.168.1.244,36
https://ipinfo.io/192.168.0.117,192.168.0.117,36
https://ipinfo.io/192.168.1.28,192.168.1.28,36
https://ipinfo.io/192.168.99.1,192.168.99.1,36
https://ipinfo.io/192.168.0.20,192.168.0.20,36
https://ipinfo.io/10.0.0.22,10.0.0.22,36
https://ipinfo.io/172.16.20.45,172.16.20.45,36
https://ipinfo.io/192.168.1.37,192.168.1.37,36
https://ipinfo.io/192.168.1.70,192.168.1.70,36
https://ipinfo.io/82.202.245.156,82.202.245.156,36
https://ipinfo.io/172.16.0.16,172.16.0.16,35
https://ipinfo.io/192.167.233.1,192.167.233.1,35
https://ipinfo.io/192.168.1.42,192.168.1.42,35
https://ipinfo.io/192.168.1.34,192.168.1.34,35
https://ipinfo.io/192.168.100.16,192.168.100.16,35
https://ipinfo.io/10.0.0.111,10.0.0.111,35
https://ipinfo.io/192.168.1.230,192.168.1.230,35
https://ipinfo.io/10.0.17.20,10.0.17.20,35
https://ipinfo.io/104.21.81.5,104.21.81.5,35
https://ipinfo.io/114.143.218.172,114.143.218.172,35
https://ipinfo.io/10.10.11.1,10.10.11.1,35
https://ipinfo.io/192.168.1.202,192.168.1.202,35
https://ipinfo.io/192.168.1.99,192.168.1.99,35
https://ipinfo.io/198.168.5.0,198.168.5.0,35
https://ipinfo.io/118.98.111.80,118.98.111.80,35
https://ipinfo.io/74.125.20.113,74.125.20.113,35
https://ipinfo.io/192.18.1.1,192.18.1.1,35
https://ipinfo.io/206.183.111.6,206.183.111.6,35
https://ipinfo.io/5.5.5.1,5.5.5.1,35
https://ipinfo.io/10.0.0.6,10.0.0.6,35
https://ipinfo.io/192.168.0.88,192.168.0.88,34
https://ipinfo.io/192.168.137.1,192.168.137.1,34
https://ipinfo.io/192.168.8.101,192.168.8.101,34
https://ipinfo.io/192.169.22.1,192.169.22.1,34
https://ipinfo.io/192.168.1.48,192.168.1.48,34
https://ipinfo.io/49.40.40.40,49.40.40.40,34
https://ipinfo.io/192.168.100.15,192.168.100.15,34
https://ipinfo.io/192.168.0.120,192.168.0.120,34
https://ipinfo.io/10.10.0.101,10.10.0.101,34
https://ipinfo.io/103.23.150.189,103.23.150.189,34
https://ipinfo.io/175.158.225.203,175.158.225.203,34
https://ipinfo.io/192.168.1.113,192.168.1.113,34
https://ipinfo.io/192.168.0.198,192.168.0.198,34
https://ipinfo.io/104.21.50.158,104.21.50.158,34
https://ipinfo.io/111.90.150.29,111.90.150.29,34
https://ipinfo.io/192.168.1.13,192.168.1.13,34
https://ipinfo.io/169.254.1.1,169.254.1.1,34
https://ipinfo.io/10.0.0.8,10.0.0.8,34
https://ipinfo.io/1.1.2.2,1.1.2.2,34
https://ipinfo.io/10.5.5.10,10.5.5.10,33
https://ipinfo.io/104.24.121.168,104.24.121.168,33
https://ipinfo.io/192.168.1.107,192.168.1.107,33
https://ipinfo.io/192.168.254.1,192.168.254.1,33
https://ipinfo.io/111.90.159.148,111.90.159.148,33
https://ipinfo.io/192.168.0.116,192.168.0.116,33
https://ipinfo.io/192.168.44.1,192.168.44.1,33
https://ipinfo.io/192.168.1.27,192.168.1.27,33
https://ipinfo.io/192.168.150.100,192.168.150.100,33
https://ipinfo.io/10.10.1.2,10.10.1.2,33
https://ipinfo.io/80.50.50.50,80.50.50.50,33
https://ipinfo.io/192.168.1.41,192.168.1.41,33
https://ipinfo.io/192.164.254.254,192.164.254.254,33
https://ipinfo.io/192.168.0.25,192.168.0.25,33
https://ipinfo.io/10.0.5.1,10.0.5.1,33
https://ipinfo.io/50.28.11.168,50.28.11.168,32
https://ipinfo.io/184.105.192.2,184.105.192.2,32
https://ipinfo.io/218.248.45.163,218.248.45.163,32
https://ipinfo.io/101.10.1.10,101.10.1.10,32
https://ipinfo.io/192.168.1.77,192.168.1.77,32
https://ipinfo.io/10.10.12.1,10.10.12.1,32
https://ipinfo.io/10.0.0.243,10.0.0.243,32
https://ipinfo.io/192.168.219.1,192.168.219.1,32
https://ipinfo.io/192.161.151.12,192.161.151.12,32
https://ipinfo.io/10.0.0.36,10.0.0.36,32
https://ipinfo.io/192.168.1.114,192.168.1.114,32
https://ipinfo.io/193.168.190.1,193.168.190.1,32
https://ipinfo.io/192.168.223.1,192.168.223.1,32
https://ipinfo.io/208.67.222.123,208.67.222.123,32
https://ipinfo.io/185.182.111.159,185.182.111.159,32
https://ipinfo.io/10.0.0.17,10.0.0.17,32
https://ipinfo.io/192.168.1.88,192.168.1.88,32
https://ipinfo.io/104.21.67.161,104.21.67.161,32
https://ipinfo.io/10.0.0.109,10.0.0.109,31
https://ipinfo.io/10.0.0.28,10.0.0.28,31
https://ipinfo.io/192.168.1.73,192.168.1.73,31
https://ipinfo.io/187.237.14.206,187.237.14.206,31
https://ipinfo.io/192.168.1.150,192.168.1.150,31
https://ipinfo.io/172.67.180.143,172.67.180.143,31
https://ipinfo.io/45.60.13.230,45.60.13.230,31
https://ipinfo.io/192.161.1.1,192.161.1.1,31
https://ipinfo.io/192.168.0.121,192.168.0.121,31
https://ipinfo.io/192.168.250.1,192.168.250.1,31
https://ipinfo.io/10.1.1.20,10.1.1.20,31
https://ipinfo.io/192.168.1.75,192.168.1.75,31
https://ipinfo.io/10.0.0.40,10.0.0.40,31
https://ipinfo.io/198.22.253.96,198.22.253.96,31
https://ipinfo.io/10.0.0.245,10.0.0.245,31
https://ipinfo.io/192.168.100.20,192.168.100.20,31
https://ipinfo.io/192.168.1.21,192.168.1.21,30
https://ipinfo.io/172.67.178.235,172.67.178.235,30
https://ipinfo.io/192.168.1.170,192.168.1.170,30
https://ipinfo.io/10.0.0.18,10.0.0.18,30
https://ipinfo.io/104.21.41.71,104.21.41.71,30
https://ipinfo.io/10.0.0.101,10.0.0.101,30
https://ipinfo.io/10.0.0.50,10.0.0.50,30
https://ipinfo.io/192.168.0.22,192.168.0.22,30
https://ipinfo.io/192.18.0.1,192.18.0.1,30
https://ipinfo.io/10.0.0.221,10.0.0.221,30
https://ipinfo.io/192.168.8.200,192.168.8.200,30
https://ipinfo.io/111.90.159.151,111.90.159.151,30
https://ipinfo.io/192.168.33.1,192.168.33.1,30
https://ipinfo.io/192.168.0.31,192.168.0.31,30
https://ipinfo.io/192.168.1.123,192.168.1.123,30
https://ipinfo.io/10.0.0.15,10.0.0.15,30
https://ipinfo.io/192.168.10.253,192.168.10.253,30
https://ipinfo.io/182.168.1.105,182.168.1.105,29
https://ipinfo.io/192.168.1.220,192.168.1.220,29
https://ipinfo.io/192.168.2.254,192.168.2.254,29
https://ipinfo.io/161.97.183.183,161.97.183.183,29
https://ipinfo.io/192.168.1.124,192.168.1.124,29
https://ipinfo.io/10.0.254.1,10.0.254.1,29
https://ipinfo.io/91.207.8.139,91.207.8.139,29
https://ipinfo.io/172.17.1.2,172.17.1.2,29
https://ipinfo.io/192.168.0.7,192.168.0.7,29
https://ipinfo.io/197.156.103.110,197.156.103.110,29
https://ipinfo.io/10.10.10.4,10.10.10.4,29
https://ipinfo.io/192.162.1.1,192.162.1.1,29
https://ipinfo.io/193.168.1.139,193.168.1.139,29
https://ipinfo.io/157.230.79.95,157.230.79.95,29
https://ipinfo.io/192.168.1.154,192.168.1.154,29
https://ipinfo.io/100.10.1.2,100.10.1.2,29
https://ipinfo.io/10.10.10.20,10.10.10.20,29
https://ipinfo.io/164.100.131.190,164.100.131.190,29
https://ipinfo.io/172.16.16.3,172.16.16.3,29
https://ipinfo.io/10.0.0.76,10.0.0.76,29
https://ipinfo.io/192.168.8.2,192.168.8.2,29
https://ipinfo.io/0.1.168.192,0.1.168.192,28
https://ipinfo.io/192.169.100.1,192.169.100.1,28
https://ipinfo.io/192.168.100.21,192.168.100.21,28
https://ipinfo.io/192.168.1.43,192.168.1.43,28
https://ipinfo.io/66.29.129.137,66.29.129.137,28
https://ipinfo.io/78.140.182.81,78.140.182.81,28
https://ipinfo.io/192.168.10.50,192.168.10.50,28
https://ipinfo.io/10.0.0.41,10.0.0.41,28
https://ipinfo.io/10.0.1.10,10.0.1.10,28
https://ipinfo.io/10.100.2.19,10.100.2.19,28
https://ipinfo.io/192.168.150.1,192.168.150.1,28
https://ipinfo.io/192.168.0.21,192.168.0.21,28
https://ipinfo.io/192.168.15.4,192.168.15.4,27
https://ipinfo.io/104.24.99.53,104.24.99.53,27
https://ipinfo.io/211.47.66.172,211.47.66.172,27
https://ipinfo.io/172.67.69.143,172.67.69.143,27
https://ipinfo.io/191.168.0.5,191.168.0.5,27
https://ipinfo.io/192.168.1.131,192.168.1.131,27
https://ipinfo.io/128.199.218.199,128.199.218.199,27
https://ipinfo.io/10.0.30.2,10.0.30.2,27
https://ipinfo.io/192.168.111.254,192.168.111.254,27
https://ipinfo.io/192.168.0.245,192.168.0.245,27
https://ipinfo.io/172.16.5.4,172.16.5.4,27
https://ipinfo.io/10.100.102.1,10.100.102.1,27
https://ipinfo.io/192.167.1.1,192.167.1.1,27
https://ipinfo.io/185.200.236.58,185.200.236.58,27
https://ipinfo.io/192.168.2.200,192.168.2.200,27
https://ipinfo.io/192.168.1.122,192.168.1.122,27
https://ipinfo.io/172.67.200.41,172.67.200.41,27
https://ipinfo.io/10.0.0.23,10.0.0.23,27
https://ipinfo.io/192.168.128.1,192.168.128.1,27
https://ipinfo.io/192.168.1.36,192.168.1.36,27
https://ipinfo.io/192.168.1.221,192.168.1.221,27
https://ipinfo.io/10.10.10.8,10.10.10.8,27
https://ipinfo.io/192.168.28.1,192.168.28.1,27
https://ipinfo.io/192.168.1.29,192.168.1.29,27
https://ipinfo.io/192.168.168.1,192.168.168.1,27
https://ipinfo.io/10.200.1.1,10.200.1.1,27
https://ipinfo.io/123.45.67.89,123.45.67.89,27
https://ipinfo.io/192.168.1.74,192.168.1.74,27
https://ipinfo.io/9.9.9.1,9.9.9.1,27
https://ipinfo.io/10.0.9.1,10.0.9.1,27
https://ipinfo.io/5.0.0.1,5.0.0.1,27
https://ipinfo.io/10.0.0.88,10.0.0.88,26
https://ipinfo.io/10.0.2.15,10.0.2.15,26
https://ipinfo.io/50.50.50.8,50.50.50.8,26
https://ipinfo.io/172.67.132.103,172.67.132.103,26
https://ipinfo.io/163.121.128.134,163.121.128.134,26
https://ipinfo.io/192.16.1.1,192.16.1.1,26
https://ipinfo.io/188.166.114.26,188.166.114.26,26
https://ipinfo.io/192.168.20.20,192.168.20.20,26
https://ipinfo.io/192.168.1.152,192.168.1.152,26
https://ipinfo.io/185.63.153.189,185.63.153.189,26
https://ipinfo.io/10.50.0.1,10.50.0.1,26
https://ipinfo.io/192.168.100.200,192.168.100.200,26
https://ipinfo.io/192.68.0.1,192.68.0.1,26
https://ipinfo.io/204.79.197.203,204.79.197.203,26
https://ipinfo.io/192.168.1.249,192.168.1.249,26
https://ipinfo.io/172.168.0.2,172.168.0.2,26
https://ipinfo.io/192.168.8.8,192.168.8.8,26
https://ipinfo.io/192.167.192.170,192.167.192.170,26
https://ipinfo.io/1.0.0.5,1.0.0.5,26
https://ipinfo.io/10.0.0.1,10.0.0.1,26
https://ipinfo.io/1.9.8.1,1.9.8.1,26
https://ipinfo.io/162.198.0.1,162.198.0.1,25
https://ipinfo.io/14.14.14.14,14.14.14.14,25
https://ipinfo.io/192.168.1.46,192.168.1.46,25
https://ipinfo.io/192.168.2.101,192.168.2.101,25
https://ipinfo.io/192.160.3.1,192.160.3.1,25
https://ipinfo.io/10.0.0.35,10.0.0.35,25
https://ipinfo.io/192.168.30.1,192.168.30.1,25
https://ipinfo.io/123.23.150.182,123.23.150.182,25
https://ipinfo.io/192.168.1.79,192.168.1.79,25
https://ipinfo.io/192.168.10.101,192.168.10.101,25
https://ipinfo.io/192.168.1.98,192.168.1.98,25
https://ipinfo.io/10.1.1.10,10.1.1.10,25
https://ipinfo.io/192.168.172.1,192.168.172.1,25
https://ipinfo.io/192.168.1.44,192.168.1.44,25
https://ipinfo.io/192.168.0.244,192.168.0.244,25
https://ipinfo.io/192.168.1.199,192.168.1.199,25
https://ipinfo.io/10.10.0.2,10.10.0.2,25
https://ipinfo.io/45.87.43.147,45.87.43.147,25
https://ipinfo.io/103.14.192.68,103.14.192.68,25
https://ipinfo.io/104.21.27.159,104.21.27.159,25
https://ipinfo.io/12.12.12.12,12.12.12.12,25
https://ipinfo.io/64.227.120.219,64.227.120.219,24
https://ipinfo.io/192.168.100.30,192.168.100.30,24
https://ipinfo.io/192.168.0.119,192.168.0.119,24
https://ipinfo.io/192.168.0.99,192.168.0.99,24
https://ipinfo.io/104.26.12.124,104.26.12.124,24
https://ipinfo.io/192.168.1.203,192.168.1.203,24
https://ipinfo.io/119.82.72.130,119.82.72.130,24
https://ipinfo.io/200.200.200.2,200.200.200.2,24
https://ipinfo.io/192.168.1.125,192.168.1.125,24
https://ipinfo.io/193.168.1.23,193.168.1.23,24
https://ipinfo.io/185.73.124.20,185.73.124.20,24
https://ipinfo.io/10.0.0.102,10.0.0.102,24
https://ipinfo.io/172.20.20.20,172.20.20.20,24
https://ipinfo.io/192.168.77.77,192.168.77.77,24
https://ipinfo.io/178.236.6.251,178.236.6.251,24
https://ipinfo.io/104.21.44.131,104.21.44.131,24
https://ipinfo.io/217.26.63.20,217.26.63.20,24
https://ipinfo.io/10.0.12.1,10.0.12.1,24
https://ipinfo.io/172.16.0.10,172.16.0.10,24
https://ipinfo.io/172.67.162.25,172.67.162.25,24
https://ipinfo.io/4.2.2.2,4.2.2.2,24
https://ipinfo.io/10.7.0.1,10.7.0.1,24
https://ipinfo.io/10.0.6.1,10.0.6.1,24
https://ipinfo.io/192.168.1.210,192.168.1.210,23
https://ipinfo.io/192.186.1.1,192.186.1.1,23
https://ipinfo.io/1.2.168.192,1.2.168.192,23
https://ipinfo.io/192.168.0.125,192.168.0.125,23
https://ipinfo.io/192.168.1.160,192.168.1.160,23
https://ipinfo.io/10.100.0.2,10.100.0.2,23
https://ipinfo.io/10.5.48.1,10.5.48.1,23
https://ipinfo.io/10.0.0.42,10.0.0.42,23
https://ipinfo.io/191.168.0.172,191.168.0.172,23
https://ipinfo.io/192.168.1.120,192.168.1.120,23
https://ipinfo.io/192.168.2.5,192.168.2.5,23
https://ipinfo.io/192.168.1.180,192.168.1.180,23
https://ipinfo.io/172.16.10.1,172.16.10.1,23
https://ipinfo.io/192.119.13.197,192.119.13.197,23
https://ipinfo.io/104.21.19.205,104.21.19.205,23
https://ipinfo.io/192.168.210.1,192.168.210.1,23
https://ipinfo.io/121.1.1.1,121.1.1.1,23
https://ipinfo.io/172.24.24.1,172.24.24.1,23
https://ipinfo.io/172.16.30.7,172.16.30.7,23
https://ipinfo.io/10.1.10.1,10.1.10.1,23
https://ipinfo.io/10.6.0.1,10.6.0.1,23
https://ipinfo.io/192.168.0.18,192.168.0.18,22
https://ipinfo.io/192.168.1.118,192.168.1.118,22
https://ipinfo.io/192.18.100.5,192.18.100.5,22
https://ipinfo.io/172.67.70.114,172.67.70.114,22
https://ipinfo.io/139.162.163.62,139.162.163.62,22
https://ipinfo.io/192.168.0.130,192.168.0.130,22
https://ipinfo.io/192.168.5.12,192.168.5.12,22
https://ipinfo.io/10.0.0.53,10.0.0.53,22
https://ipinfo.io/192.168.1.57,192.168.1.57,22
https://ipinfo.io/10.200.0.1,10.200.0.1,22
https://ipinfo.io/10.0.0.61,10.0.0.61,22
https://ipinfo.io/30.30.0.1,30.30.0.1,22
https://ipinfo.io/192.168.1.81,192.168.1.81,22
https://ipinfo.io/192.168.88.254,192.168.88.254,22
https://ipinfo.io/192.11.1.1,192.11.1.1,22
https://ipinfo.io/192.168.1.85,192.168.1.85,22
https://ipinfo.io/104.26.1.107,104.26.1.107,22
https://ipinfo.io/64.227.120.20,64.227.120.20,22
https://ipinfo.io/192.160.100.1,192.160.100.1,22
https://ipinfo.io/103.225.136.131,103.225.136.131,22
https://ipinfo.io/192.164.1.1,192.164.1.1,22
https://ipinfo.io/162.168.100.1,162.168.100.1,22
https://ipinfo.io/10.0.0.13,10.0.0.13,22
https://ipinfo.io/172.67.214.59,172.67.214.59,22
https://ipinfo.io/192.168.40.1,192.168.40.1,22
https://ipinfo.io/192.168.2.100,192.168.2.100,22
https://ipinfo.io/192.168.1.45,192.168.1.45,22
https://ipinfo.io/50.50.50.1,50.50.50.1,22
https://ipinfo.io/10.0.0.9,10.0.0.9,22
https://ipinfo.io/0.0.1.0,0.0.1.0,22
https://ipinfo.io/192.168.88.2,192.168.88.2,21
https://ipinfo.io/111.90.140.90,111.90.140.90,21
https://ipinfo.io/10.0.0.37,10.0.0.37,21
https://ipinfo.io/192.168.100.24,192.168.100.24,21
https://ipinfo.io/192.168.10.200,192.168.10.200,21
https://ipinfo.io/172.16.100.100,172.16.100.100,21
https://ipinfo.io/192.64.119.34,192.64.119.34,21
https://ipinfo.io/10.0.32.1,10.0.32.1,21
https://ipinfo.io/192.168.0.16,192.168.0.16,21
https://ipinfo.io/192.168.1.63,192.168.1.63,21
https://ipinfo.io/149.56.240.167,149.56.240.167,21
https://ipinfo.io/172.67.182.248,172.67.182.248,21
https://ipinfo.io/10.0.20.1,10.0.20.1,21
https://ipinfo.io/192.168.0.151,192.168.0.151,21
https://ipinfo.io/192.198.1.50,192.198.1.50,21
https://ipinfo.io/10.198.101.85,10.198.101.85,21
https://ipinfo.io/192.168.1.164,192.168.1.164,21
https://ipinfo.io/192.169.0.120,192.169.0.120,21
https://ipinfo.io/185.6.181.141,185.6.181.141,21
https://ipinfo.io/192.168.1.115,192.168.1.115,21
https://ipinfo.io/104.28.30.78,104.28.30.78,21
https://ipinfo.io/10.0.0.44,10.0.0.44,21
https://ipinfo.io/104.21.64.65,104.21.64.65,21
https://ipinfo.io/172.18.0.1,172.18.0.1,21
https://ipinfo.io/192.168.10.12,192.168.10.12,21
https://ipinfo.io/192.168.18.4,192.168.18.4,21
https://ipinfo.io/172.217.24.78,172.217.24.78,21
https://ipinfo.io/157.245.50.42,157.245.50.42,21
https://ipinfo.io/92.168.1.1,92.168.1.1,21
https://ipinfo.io/192.168.1.234,192.168.1.234,21
https://ipinfo.io/93.184.221.240,93.184.221.240,21
https://ipinfo.io/10.0.0.225,10.0.0.225,21
https://ipinfo.io/192.168.1.130,192.168.1.130,21
https://ipinfo.io/10.0.0.45,10.0.0.45,21
https://ipinfo.io/192.168.100.23,192.168.100.23,21
https://ipinfo.io/104.21.44.58,104.21.44.58,21
https://ipinfo.io/192.168.2.4,192.168.2.4,21
https://ipinfo.io/192.16.0.16,192.16.0.16,21
https://ipinfo.io/192.168.18.5,192.168.18.5,21
https://ipinfo.io/185.63.253.1,185.63.253.1,21
https://ipinfo.io/10.0.3.1,10.0.3.1,21
https://ipinfo.io/198.185.159.144,198.185.159.144,20
https://ipinfo.io/198.162.1.1,198.162.1.1,20
https://ipinfo.io/192.168.100.102,192.168.100.102,20
https://ipinfo.io/192.168.7.5,192.168.7.5,20
https://ipinfo.io/192.168.1.49,192.168.1.49,20
https://ipinfo.io/10.10.10.30,10.10.10.30,20
https://ipinfo.io/192.168.1.140,192.168.1.140,20
https://ipinfo.io/10.11.12.1,10.11.12.1,20
https://ipinfo.io/192.168.100.29,192.168.100.29,20
https://ipinfo.io/192.168.1.58,192.168.1.58,20
https://ipinfo.io/3.33.152.147,3.33.152.147,20
https://ipinfo.io/192.168.15.1,192.168.15.1,20
https://ipinfo.io/192.168.1.235,192.168.1.235,20
https://ipinfo.io/192.158.31.1,192.158.31.1,20
https://ipinfo.io/192.168.10.13,192.168.10.13,20
https://ipinfo.io/192.168.2.3,192.168.2.3,20
https://ipinfo.io/192.168.25.1,192.168.25.1,20
https://ipinfo.io/108.181.92.70,108.181.92.70,20
https://ipinfo.io/192.168.100.22,192.168.100.22,20
https://ipinfo.io/172.30.1.2,172.30.1.2,20
https://ipinfo.io/111.168.1.2,111.168.1.2,20
https://ipinfo.io/172.67.158.177,172.67.158.177,20
https://ipinfo.io/192.168.10.1,192.168.10.1,20
https://ipinfo.io/192.158.0.2,192.158.0.2,20
https://ipinfo.io/192.168.59.1,192.168.59.1,20
https://ipinfo.io/128.199.74.182,128.199.74.182,20
https://ipinfo.io/10.10.0.10,10.10.0.10,20
https://ipinfo.io/10.0.0.46,10.0.0.46,20
https://ipinfo.io/10.0.0.100,10.0.0.100,20
https://ipinfo.io/10.0.17.1,10.0.17.1,20
https://ipinfo.io/119.73.151.170,119.73.151.170,20
https://ipinfo.io/192.168.255.254,192.168.255.254,20
https://ipinfo.io/192.168.29.100,192.168.29.100,20
https://ipinfo.io/192.168.101.101,192.168.101.101,20
https://ipinfo.io/192.168.1.91,192.168.1.91,19
https://ipinfo.io/116.50.79.179,116.50.79.179,19
https://ipinfo.io/185.98.54.44,185.98.54.44,19
https://ipinfo.io/10.0.0.150,10.0.0.150,19
https://ipinfo.io/172.217.6.46,172.217.6.46,19
https://ipinfo.io/192.168.8.102,192.168.8.102,19
https://ipinfo.io/10.0.0.34,10.0.0.34,19
https://ipinfo.io/169.168.1.1,169.168.1.1,19
https://ipinfo.io/172.168.0.0,172.168.0.0,19
https://ipinfo.io/162.192.0.1,162.192.0.1,19
https://ipinfo.io/185.219.80.39,185.219.80.39,19
https://ipinfo.io/192.168.2.102,192.168.2.102,19
https://ipinfo.io/174.255.134.70,174.255.134.70,19
https://ipinfo.io/103.237.37.181,103.237.37.181,19
https://ipinfo.io/192.168.1.78,192.168.1.78,19
https://ipinfo.io/192.168.1.251,192.168.1.251,19
https://ipinfo.io/192.6.8.2,192.6.8.2,19
https://ipinfo.io/23.23.23.23,23.23.23.23,19
https://ipinfo.io/192.168.0.51,192.168.0.51,19
https://ipinfo.io/192.168.1.181,192.168.1.181,19
https://ipinfo.io/192.168.1.247,192.168.1.247,19
https://ipinfo.io/10.0.0.57,10.0.0.57,19
https://ipinfo.io/192.168.10.20,192.168.10.20,19
https://ipinfo.io/192.168.1.56,192.168.1.56,19
https://ipinfo.io/10.0.0.105,10.0.0.105,19
https://ipinfo.io/192.168.1.204,192.168.1.204,19
https://ipinfo.io/192.168.29.2,192.168.29.2,19
https://ipinfo.io/192.168.254.104,192.168.254.104,19
https://ipinfo.io/192.168.245.245,192.168.245.245,19
https://ipinfo.io/1.168.92.1,1.168.92.1,19
https://ipinfo.io/192.168.1.162,192.168.1.162,19
https://ipinfo.io/192.168.0.127,192.168.0.127,19
https://ipinfo.io/52.37.240.25,52.37.240.25,19
https://ipinfo.io/10.100.100.2,10.100.100.2,19
https://ipinfo.io/192.168.0.197,192.168.0.197,19
https://ipinfo.io/175.176.24.126,175.176.24.126,19
https://ipinfo.io/64.187.151.194,64.187.151.194,19
https://ipinfo.io/45.33.23.183,45.33.23.183,19
https://ipinfo.io/192.168.1.54,192.168.1.54,19
https://ipinfo.io/181.213.132.2,181.213.132.2,19
https://ipinfo.io/172.67.218.103,172.67.218.103,19
https://ipinfo.io/10.9.9.9,10.9.9.9,19
https://ipinfo.io/10.8.8.1,10.8.8.1,19
https://ipinfo.io/192.168.2.8,192.168.2.8,18
https://ipinfo.io/103.228.120.170,103.228.120.170,18
https://ipinfo.io/192.168.0.168,192.168.0.168,18
https://ipinfo.io/192.168.1.254,192.168.1.254,18
https://ipinfo.io/192.168.15.130,192.168.15.130,18
https://ipinfo.io/212.83.139.88,212.83.139.88,18
https://ipinfo.io/10.0.0.55,10.0.0.55,18
https://ipinfo.io/168.121.56.254,168.121.56.254,18
https://ipinfo.io/192.168.0.180,192.168.0.180,18
https://ipinfo.io/192.168.70.254,192.168.70.254,18
https://ipinfo.io/209.85.220.69,209.85.220.69,18
https://ipinfo.io/192.168.1.3,192.168.1.3,18
https://ipinfo.io/192.168.0.202,192.168.0.202,18
https://ipinfo.io/192.168.96.1,192.168.96.1,18
https://ipinfo.io/118.98.44.100,118.98.44.100,18
https://ipinfo.io/68.105.28.11,68.105.28.11,18
https://ipinfo.io/103.219.0.103,103.219.0.103,18
https://ipinfo.io/192.168.55.254,192.168.55.254,18
https://ipinfo.io/162.192.1.128,162.192.1.128,18
https://ipinfo.io/10.0.0.121,10.0.0.121,18
https://ipinfo.io/192.168.0.252,192.168.0.252,18
https://ipinfo.io/192.168.0.14,192.168.0.14,18
https://ipinfo.io/1.1.168.192,1.1.168.192,18
https://ipinfo.io/168.192.1.0,168.192.1.0,18
https://ipinfo.io/10.0.0.247,10.0.0.247,18
https://ipinfo.io/72.12.242.67,72.12.242.67,18
https://ipinfo.io/192.168.69.1,192.168.69.1,18
https://ipinfo.io/66.39.116.192,66.39.116.192,18
https://ipinfo.io/10.0.0.98,10.0.0.98,18
https://ipinfo.io/192.168.0.210,192.168.0.210,18
https://ipinfo.io/10.10.1.3,10.10.1.3,18
https://ipinfo.io/185.32.188.113,185.32.188.113,18
https://ipinfo.io/104.149.128.2,104.149.128.2,18
https://ipinfo.io/10.0.8.1,10.0.8.1,18
https://ipinfo.io/192.168.1.191,192.168.1.191,17
https://ipinfo.io/77.246.127.123,77.246.127.123,17
https://ipinfo.io/185.63.188.12,185.63.188.12,17
https://ipinfo.io/172.16.16.1,172.16.16.1,17
https://ipinfo.io/198.162.0.1,198.162.0.1,17
https://ipinfo.io/104.21.15.96,104.21.15.96,17
https://ipinfo.io/192.169.168.1,192.169.168.1,17
https://ipinfo.io/104.21.74.146,104.21.74.146,17
https://ipinfo.io/134.209.130.232,134.209.130.232,17
https://ipinfo.io/191.168.100.1,191.168.100.1,17
https://ipinfo.io/192.168.0.253,192.168.0.253,17
https://ipinfo.io/152.195.19.97,152.195.19.97,17
https://ipinfo.io/192.168.192.1,192.168.192.1,17
https://ipinfo.io/192.168.100.33,192.168.100.33,17
https://ipinfo.io/192.68.100.6,192.68.100.6,17
https://ipinfo.io/192.168.0.115,192.168.0.115,17
https://ipinfo.io/185.6.76.42,185.6.76.42,17
https://ipinfo.io/192.168.1.205,192.168.1.205,17
https://ipinfo.io/172.16.2.2,172.16.2.2,17
https://ipinfo.io/10.0.0.170,10.0.0.170,17
https://ipinfo.io/172.16.200.50,172.16.200.50,17
https://ipinfo.io/192.168.0.35,192.168.0.35,17
https://ipinfo.io/192.168.248.5,192.168.248.5,17
https://ipinfo.io/192.168.0.230,192.168.0.230,17
https://ipinfo.io/192.168.1.32,192.168.1.32,17
https://ipinfo.io/201.144.111.150,201.144.111.150,17
https://ipinfo.io/192.168.4.3,192.168.4.3,17
https://ipinfo.io/10.0.0.38,10.0.0.38,17
https://ipinfo.io/22.22.22.22,22.22.22.22,17
https://ipinfo.io/192.168.1.177,192.168.1.177,17
https://ipinfo.io/104.21.30.212,104.21.30.212,17
https://ipinfo.io/192.178.1.18,192.178.1.18,17
https://ipinfo.io/192.168.10.4,192.168.10.4,17
https://ipinfo.io/202.70.53.43,202.70.53.43,17
https://ipinfo.io/10.0.0.60,10.0.0.60,16
https://ipinfo.io/10.0.0.116,10.0.0.116,16
https://ipinfo.io/192.168.32.1,192.168.32.1,16
https://ipinfo.io/239.255.255.250,239.255.255.250,16
https://ipinfo.io/185.63.253.211,185.63.253.211,16
https://ipinfo.io/101.188.67.134,101.188.67.134,16
https://ipinfo.io/172.16.0.3,172.16.0.3,16
https://ipinfo.io/188.114.96.3,188.114.96.3,16
https://ipinfo.io/172.16.20.20,172.16.20.20,16
https://ipinfo.io/192.168.0.126,192.168.0.126,16
https://ipinfo.io/10.35.1.10,10.35.1.10,16
https://ipinfo.io/157.230.6.220,157.230.6.220,16
https://ipinfo.io/102.168.0.1,102.168.0.1,16
https://ipinfo.io/192.168.1.241,192.168.1.241,16
https://ipinfo.io/192.168.1.206,192.168.1.206,16
https://ipinfo.io/115.124.113.124,115.124.113.124,16
https://ipinfo.io/10.0.0.128,10.0.0.128,16
https://ipinfo.io/192.168.1.76,192.168.1.76,16
https://ipinfo.io/193.168.100.1,193.168.100.1,16
https://ipinfo.io/10.100.100.3,10.100.100.3,16
https://ipinfo.io/198.192.0.1,198.192.0.1,16
https://ipinfo.io/59.152.101.192,59.152.101.192,16
https://ipinfo.io/10.10.0.46,10.10.0.46,16
https://ipinfo.io/10.0.0.16,10.0.0.16,16
https://ipinfo.io/10.0.0.71,10.0.0.71,16
https://ipinfo.io/192.168.0.124,192.168.0.124,16
https://ipinfo.io/152.195.38.76,152.195.38.76,16
https://ipinfo.io/10.0.0.77,10.0.0.77,16
https://ipinfo.io/35.58.104.61,35.58.104.61,16
https://ipinfo.io/192.168.1.141,192.168.1.141,16
https://ipinfo.io/45.79.187.10,45.79.187.10,16
https://ipinfo.io/192.158.254.2,192.158.254.2,16
https://ipinfo.io/192.168.0.131,192.168.0.131,16
https://ipinfo.io/192.168.1.224,192.168.1.224,16
https://ipinfo.io/192.168.1.119,192.168.1.119,16
https://ipinfo.io/10.100.1.1,10.100.1.1,16
https://ipinfo.io/10.0.1.0,10.0.1.0,16
https://ipinfo.io/1.1.1.5,1.1.1.5,16
https://ipinfo.io/10.9.0.1,10.9.0.1,16
https://ipinfo.io/94.75.236.123,94.75.236.123,15
https://ipinfo.io/172.16.10.100,172.16.10.100,15
https://ipinfo.io/10.0.0.145,10.0.0.145,15
https://ipinfo.io/192.168.101.190,192.168.101.190,15
https://ipinfo.io/192.168.1.225,192.168.1.225,15
https://ipinfo.io/142.250.179.225,142.250.179.225,15
https://ipinfo.io/192.168.18.10,192.168.18.10,15
https://ipinfo.io/172.67.202.124,172.67.202.124,15
https://ipinfo.io/192.186.100.1,192.186.100.1,15
https://ipinfo.io/192.198.100.1,192.198.100.1,15
https://ipinfo.io/192.168.0.19,192.168.0.19,15
https://ipinfo.io/10.175.0.1,10.175.0.1,15
https://ipinfo.io/10.0.0.67,10.0.0.67,15
https://ipinfo.io/10.0.0.106,10.0.0.106,15
https://ipinfo.io/192.168.10.15,192.168.10.15,15
https://ipinfo.io/192.168.100.35,192.168.100.35,15
https://ipinfo.io/10.0.0.122,10.0.0.122,15
https://ipinfo.io/10.0.0.241,10.0.0.241,15
https://ipinfo.io/10.0.0.113,10.0.0.113,15
https://ipinfo.io/172.17.9.12,172.17.9.12,15
https://ipinfo.io/167.99.31.83,167.99.31.83,15
https://ipinfo.io/10.0.25.1,10.0.25.1,15
https://ipinfo.io/192.168.142.1,192.168.142.1,15
https://ipinfo.io/192.168.1.52,192.168.1.52,15
https://ipinfo.io/192.168.90.1,192.168.90.1,15
https://ipinfo.io/192.168.1.232,192.168.1.232,15
https://ipinfo.io/172.16.16.2,172.16.16.2,15
https://ipinfo.io/10.0.0.134,10.0.0.134,15
https://ipinfo.io/141.193.213.10,141.193.213.10,15
https://ipinfo.io/10.0.0.190,10.0.0.190,15
https://ipinfo.io/10.0.0.235,10.0.0.235,15
https://ipinfo.io/10.0.0.123,10.0.0.123,15
https://ipinfo.io/192.168.0.122,192.168.0.122,15
https://ipinfo.io/172.16.1.3,172.16.1.3,15
https://ipinfo.io/192.160.10.2,192.160.10.2,15
https://ipinfo.io/192.168.100.26,192.168.100.26,15
https://ipinfo.io/192.168.1.82,192.168.1.82,15
https://ipinfo.io/192.168.0.24,192.168.0.24,15
https://ipinfo.io/10.0.0.248,10.0.0.248,15
https://ipinfo.io/192.168.0.90,192.168.0.90,15
https://ipinfo.io/10.0.0.242,10.0.0.242,15
https://ipinfo.io/192.168.1.51,192.168.1.51,15
https://ipinfo.io/10.0.0.80,10.0.0.80,15
https://ipinfo.io/123.123.123.123,123.123.123.123,15
https://ipinfo.io/185.63.180.30,185.63.180.30,15
https://ipinfo.io/76.76.21.21,76.76.21.21,15
https://ipinfo.io/192.169.192.1,192.169.192.1,15
https://ipinfo.io/10.0.0.59,10.0.0.59,15
https://ipinfo.io/192.168.0.128,192.168.0.128,15
https://ipinfo.io/10.0.0.151,10.0.0.151,15
https://ipinfo.io/10.0.0.108,10.0.0.108,15
https://ipinfo.io/10.0.0.87,10.0.0.87,15
https://ipinfo.io/52.113.194.132,52.113.194.132,15
https://ipinfo.io/192.0.43.22,192.0.43.22,15
https://ipinfo.io/192.168.2.253,192.168.2.253,15
https://ipinfo.io/192.168.1.208,192.168.1.208,15
https://ipinfo.io/192.6.143.22,192.6.143.22,15
https://ipinfo.io/192.168.0.192,192.168.0.192,15
https://ipinfo.io/1.9.1.9,1.9.1.9,15
https://ipinfo.io/11.1.1.1,11.1.1.1,15
https://ipinfo.io/72.21.81.240,72.21.81.240,14
https://ipinfo.io/192.168.1.209,192.168.1.209,14
https://ipinfo.io/192.168.6.1,192.168.6.1,14
https://ipinfo.io/192.168.1.146,192.168.1.146,14
https://ipinfo.io/172.16.100.34,172.16.100.34,14
https://ipinfo.io/192.168.1.62,192.168.1.62,14
https://ipinfo.io/104.21.69.174,104.21.69.174,14
https://ipinfo.io/172.67.150.223,172.67.150.223,14
https://ipinfo.io/202.70.64.2,202.70.64.2,14
https://ipinfo.io/101.0.112.161,101.0.112.161,14
https://ipinfo.io/173.194.34.95,173.194.34.95,14
https://ipinfo.io/192.168.1.30,192.168.1.30,14
https://ipinfo.io/192.186.1.39,192.186.1.39,14
https://ipinfo.io/209.18.47.61,209.18.47.61,14
https://ipinfo.io/74.125.239.35,74.125.239.35,14
https://ipinfo.io/128.199.158.35,128.199.158.35,14
https://ipinfo.io/216.58.214.163,216.58.214.163,14
https://ipinfo.io/92.168.100.1,92.168.100.1,14
https://ipinfo.io/35.190.43.134,35.190.43.134,14
https://ipinfo.io/192.168.18.3,192.168.18.3,14
https://ipinfo.io/192.168.2.20,192.168.2.20,14
https://ipinfo.io/172.16.0.13,172.16.0.13,14
https://ipinfo.io/192.168.0.23,192.168.0.23,14
https://ipinfo.io/192.168.3.3,192.168.3.3,14
https://ipinfo.io/10.0.0.119,10.0.0.119,14
https://ipinfo.io/27.50.30.21,27.50.30.21,14
https://ipinfo.io/10.0.0.135,10.0.0.135,14
https://ipinfo.io/10.0.0.104,10.0.0.104,14
https://ipinfo.io/192.192.192.192,192.192.192.192,14
https://ipinfo.io/10.0.0.141,10.0.0.141,14
https://ipinfo.io/192.165.1.1,192.165.1.1,14
https://ipinfo.io/192.166.1.1,192.166.1.1,14
https://ipinfo.io/10.50.50.50,10.50.50.50,14
https://ipinfo.io/204.11.56.48,204.11.56.48,14
https://ipinfo.io/192.198.0.119,192.198.0.119,14
https://ipinfo.io/192.168.1.178,192.168.1.178,14
https://ipinfo.io/10.10.10.54,10.10.10.54,14
https://ipinfo.io/192.168.1.126,192.168.1.126,14
https://ipinfo.io/172.16.24.1,172.16.24.1,14
https://ipinfo.io/192.168.60.2,192.168.60.2,14
https://ipinfo.io/10.0.0.24,10.0.0.24,14
https://ipinfo.io/185.63.254.200,185.63.254.200,14
https://ipinfo.io/10.10.10.241,10.10.10.241,14
https://ipinfo.io/203.76.96.5,203.76.96.5,14
https://ipinfo.io/10.0.0.139,10.0.0.139,14
https://ipinfo.io/10.0.0.160,10.0.0.160,14
https://ipinfo.io/192.168.101.199,192.168.101.199,14
https://ipinfo.io/192.168.8.103,192.168.8.103,14
https://ipinfo.io/192.168.254.101,192.168.254.101,14
https://ipinfo.io/40.83.240.146,40.83.240.146,14
https://ipinfo.io/192.168.1.212,192.168.1.212,14
https://ipinfo.io/192.168.0.137,192.168.0.137,14
https://ipinfo.io/172.16.16.111,172.16.16.111,14
https://ipinfo.io/111.90.138.173,111.90.138.173,14
https://ipinfo.io/10.0.0.117,10.0.0.117,14
https://ipinfo.io/119.168.1.114,119.168.1.114,14
https://ipinfo.io/111.90.149.204,111.90.149.204,14
https://ipinfo.io/10.0.0.126,10.0.0.126,14
https://ipinfo.io/1.2.4.8,1.2.4.8,14
https://ipinfo.io/192.168.255.129,192.168.255.129,13
https://ipinfo.io/172.17.0.3,172.17.0.3,13
https://ipinfo.io/10.0.0.163,10.0.0.163,13
https://ipinfo.io/10.0.0.92,10.0.0.92,13
https://ipinfo.io/192.225.158.2,192.225.158.2,13
https://ipinfo.io/10.0.0.202,10.0.0.202,13
https://ipinfo.io/192.168.5.5,192.168.5.5,13
https://ipinfo.io/192.168.1.215,192.168.1.215,13
https://ipinfo.io/192.168.1.10,192.168.1.10,13
https://ipinfo.io/192.168.1.143,192.168.1.143,13
https://ipinfo.io/162.159.128.233,162.159.128.233,13
https://ipinfo.io/10.0.0.215,10.0.0.215,13
https://ipinfo.io/192.168.16.100,192.168.16.100,13
https://ipinfo.io/10.0.0.147,10.0.0.147,13
https://ipinfo.io/104.26.2.97,104.26.2.97,13
https://ipinfo.io/10.0.0.179,10.0.0.179,13
https://ipinfo.io/172.16.16.50,172.16.16.50,13
https://ipinfo.io/10.0.0.199,10.0.0.199,13
https://ipinfo.io/198.168.0.14,198.168.0.14,13
https://ipinfo.io/192.68.223.1,192.68.223.1,13
https://ipinfo.io/10.0.1.254,10.0.1.254,13
https://ipinfo.io/192.0.0.1,192.0.0.1,13
https://ipinfo.io/185.63.235.38,185.63.235.38,13
https://ipinfo.io/10.0.0.54,10.0.0.54,13
https://ipinfo.io/192.168.0.40,192.168.0.40,13
https://ipinfo.io/128.168.1.108,128.168.1.108,13
https://ipinfo.io/192.168.2.1,192.168.2.1,13
https://ipinfo.io/198.168.0.100,198.168.0.100,13
https://ipinfo.io/10.0.0.129,10.0.0.129,13
https://ipinfo.io/192.168.20.1,192.168.20.1,13
https://ipinfo.io/192.168.7.29,192.168.7.29,13
https://ipinfo.io/10.0.0.240,10.0.0.240,13
https://ipinfo.io/192.168.10.14,192.168.10.14,13
https://ipinfo.io/192.168.1.148,192.168.1.148,13
https://ipinfo.io/115.124.113.254,115.124.113.254,13
https://ipinfo.io/192.168.50.3,192.168.50.3,13
https://ipinfo.io/10.0.0.74,10.0.0.74,13
https://ipinfo.io/172.20.1.5,172.20.1.5,13
https://ipinfo.io/196.192.72.106,196.192.72.106,13
https://ipinfo.io/10.10.6.2,10.10.6.2,13
https://ipinfo.io/10.0.0.154,10.0.0.154,13
https://ipinfo.io/74.125.44.25,74.125.44.25,13
https://ipinfo.io/10.0.0.146,10.0.0.146,13
https://ipinfo.io/192.168.1.129,192.168.1.129,13
https://ipinfo.io/91.209.70.9,91.209.70.9,13
https://ipinfo.io/172.22.22.2,172.22.22.2,13
https://ipinfo.io/192.168.1.133,192.168.1.133,13
https://ipinfo.io/172.16.6.1,172.16.6.1,13
https://ipinfo.io/192.160.100.30,192.160.100.30,13
https://ipinfo.io/10.0.0.131,10.0.0.131,13
https://ipinfo.io/10.0.0.144,10.0.0.144,13
https://ipinfo.io/192.168.27.101,192.168.27.101,13
https://ipinfo.io/10.0.0.82,10.0.0.82,13
https://ipinfo.io/10.0.0.201,10.0.0.201,13
https://ipinfo.io/192.168.1.211,192.168.1.211,13
https://ipinfo.io/4.2.2.1,4.2.2.1,13
https://ipinfo.io/192.168.100.50,192.168.100.50,12
https://ipinfo.io/192.168.0.212,192.168.0.212,12
https://ipinfo.io/69.69.69.69,69.69.69.69,12
https://ipinfo.io/192.168.1.169,192.168.1.169,12
https://ipinfo.io/10.0.0.244,10.0.0.244,12
https://ipinfo.io/172.16.8.1,172.16.8.1,12
https://ipinfo.io/10.0.0.130,10.0.0.130,12
https://ipinfo.io/10.0.101.1,10.0.101.1,12
https://ipinfo.io/10.0.0.169,10.0.0.169,12
https://ipinfo.io/10.1.1.150,10.1.1.150,12
https://ipinfo.io/10.0.0.183,10.0.0.183,12
https://ipinfo.io/192.168.18.6,192.168.18.6,12
https://ipinfo.io/10.0.0.233,10.0.0.233,12
https://ipinfo.io/192.168.0.196,192.168.0.196,12
https://ipinfo.io/193.168.1.42,193.168.1.42,12
https://ipinfo.io/209.85.220.65,209.85.220.65,12
https://ipinfo.io/192.168.1.159,192.168.1.159,12
https://ipinfo.io/192.168.1.176,192.168.1.176,12
https://ipinfo.io/192.168.1.53,192.168.1.53,12
https://ipinfo.io/100.100.1.1,100.100.1.1,12
https://ipinfo.io/169.168.0.1,169.168.0.1,12
https://ipinfo.io/10.0.0.207,10.0.0.207,12
https://ipinfo.io/15.197.142.173,15.197.142.173,12
https://ipinfo.io/192.168.178.35,192.168.178.35,12
https://ipinfo.io/10.0.0.95,10.0.0.95,12
https://ipinfo.io/192.168.69.70,192.168.69.70,12
https://ipinfo.io/196.168.0.133,196.168.0.133,12
https://ipinfo.io/10.0.0.96,10.0.0.96,12
https://ipinfo.io/196.189.44.13,196.189.44.13,12
https://ipinfo.io/208.91.197.27,208.91.197.27,12
https://ipinfo.io/172.16.100.1,172.16.100.1,12
https://ipinfo.io/172.217.28.1,172.217.28.1,12
https://ipinfo.io/192.168.0.154,192.168.0.154,12
https://ipinfo.io/198.54.117.200,198.54.117.200,12
https://ipinfo.io/103.23.150.204,103.23.150.204,12
https://ipinfo.io/192.168.10.9,192.168.10.9,12
https://ipinfo.io/64.71.255.204,64.71.255.204,12
https://ipinfo.io/10.0.0.166,10.0.0.166,12
https://ipinfo.io/192.168.100.38,192.168.100.38,12
https://ipinfo.io/192.168.254.100,192.168.254.100,12
https://ipinfo.io/192.168.0.167,192.168.0.167,12
https://ipinfo.io/10.0.0.223,10.0.0.223,12
https://ipinfo.io/192.168.1.184,192.168.1.184,12
https://ipinfo.io/192.168.1.242,192.168.1.242,12
https://ipinfo.io/143.198.165.177,143.198.165.177,12
https://ipinfo.io/10.0.0.187,10.0.0.187,12
https://ipinfo.io/192.168.0.138,192.168.0.138,12
https://ipinfo.io/10.0.0.222,10.0.0.222,12
https://ipinfo.io/192.168.178.51,192.168.178.51,12
https://ipinfo.io/192.168.1.243,192.168.1.243,12
https://ipinfo.io/192.168.178.1,192.168.178.1,12
https://ipinfo.io/172.217.27.84,172.217.27.84,12
https://ipinfo.io/192.168.1.161,192.168.1.161,12
https://ipinfo.io/10.0.0.220,10.0.0.220,12
https://ipinfo.io/192.168.1.157,192.168.1.157,12
https://ipinfo.io/192.168.5.2,192.168.5.2,12
https://ipinfo.io/192.168.5.10,192.168.5.10,12
https://ipinfo.io/10.0.0.211,10.0.0.211,12
https://ipinfo.io/10.0.0.198,10.0.0.198,12
https://ipinfo.io/192.168.101.4,192.168.101.4,12
https://ipinfo.io/10.0.0.149,10.0.0.149,12
https://ipinfo.io/111.1.1.1,111.1.1.1,12
https://ipinfo.io/10.0.0.180,10.0.0.180,12
https://ipinfo.io/192.168.111.1,192.168.111.1,12
https://ipinfo.io/104.21.68.18,104.21.68.18,12
https://ipinfo.io/41.77.1.58,41.77.1.58,12
https://ipinfo.io/192.168.0.140,192.168.0.140,12
https://ipinfo.io/112.133.214.67,112.133.214.67,12
https://ipinfo.io/172.20.20.1,172.20.20.1,12
https://ipinfo.io/10.0.0.203,10.0.0.203,12
https://ipinfo.io/188.114.97.3,188.114.97.3,12
https://ipinfo.io/10.0.0.182,10.0.0.182,12
https://ipinfo.io/104.21.19.48,104.21.19.48,12
https://ipinfo.io/192.168.1.144,192.168.1.144,12
https://ipinfo.io/10.0.0.227,10.0.0.227,12
https://ipinfo.io/192.178.168.1,192.178.168.1,12
https://ipinfo.io/10.0.0.168,10.0.0.168,12
https://ipinfo.io/172.16.0.254,172.16.0.254,12
https://ipinfo.io/10.0.0.69,10.0.0.69,12
https://ipinfo.io/10.0.0.230,10.0.0.230,12
https://ipinfo.io/10.0.0.75,10.0.0.75,12
https://ipinfo.io/10.0.0.188,10.0.0.188,12
https://ipinfo.io/27.6.2.3,27.6.2.3,12
https://ipinfo.io/10.0.0.189,10.0.0.189,11
https://ipinfo.io/192.168.0.38,192.168.0.38,11
https://ipinfo.io/10.0.0.152,10.0.0.152,11
https://ipinfo.io/162.198.1.1,162.198.1.1,11
https://ipinfo.io/192.168.100.27,192.168.100.27,11
https://ipinfo.io/104.21.7.118,104.21.7.118,11
https://ipinfo.io/192.16.0.0,192.16.0.0,11
https://ipinfo.io/169.254.0.180,169.254.0.180,11
https://ipinfo.io/200.80.145.22,200.80.145.22,11
https://ipinfo.io/24.50.7.50,24.50.7.50,11
https://ipinfo.io/192.168.0.147,192.168.0.147,11
https://ipinfo.io/103.28.225.140,103.28.225.140,11
https://ipinfo.io/192.168.10.8,192.168.10.8,11
https://ipinfo.io/10.0.0.161,10.0.0.161,11
https://ipinfo.io/10.0.0.196,10.0.0.196,11
https://ipinfo.io/192.168.0.129,192.168.0.129,11
https://ipinfo.io/192.168.209.1,192.168.209.1,11
https://ipinfo.io/192.168.100.44,192.168.100.44,11
https://ipinfo.io/163.172.60.151,163.172.60.151,11
https://ipinfo.io/180.0.0.0,180.0.0.0,11
https://ipinfo.io/216.239.32.21,216.239.32.21,11
https://ipinfo.io/10.0.0.120,10.0.0.120,11
https://ipinfo.io/192.168.0.32,192.168.0.32,11
https://ipinfo.io/172.16.100.12,172.16.100.12,11
https://ipinfo.io/104.21.62.121,104.21.62.121,11
https://ipinfo.io/192.168.178.133,192.168.178.133,11
https://ipinfo.io/192.168.1.156,192.168.1.156,11
https://ipinfo.io/13.107.42.16,13.107.42.16,11
https://ipinfo.io/164.100.133.129,164.100.133.129,11
https://ipinfo.io/195.121.1.34,195.121.1.34,11
https://ipinfo.io/212.179.240.59,212.179.240.59,11
https://ipinfo.io/120.168.0.1,120.168.0.1,11
https://ipinfo.io/35.196.132.85,35.196.132.85,11
https://ipinfo.io/198.49.23.144,198.49.23.144,11
https://ipinfo.io/192.168.0.185,192.168.0.185,11
https://ipinfo.io/159.223.135.6,159.223.135.6,11
https://ipinfo.io/165.197.98.48,165.197.98.48,11
https://ipinfo.io/172.67.191.245,172.67.191.245,11
https://ipinfo.io/192.168.1.165,192.168.1.165,11
https://ipinfo.io/10.0.0.171,10.0.0.171,11
https://ipinfo.io/192.168.101.3,192.168.101.3,11
https://ipinfo.io/10.10.10.70,10.10.10.70,11
https://ipinfo.io/11.22.33.44,11.22.33.44,11
https://ipinfo.io/104.26.5.218,104.26.5.218,11
https://ipinfo.io/192.168.15.216,192.168.15.216,11
https://ipinfo.io/190.34.216.66,190.34.216.66,11
https://ipinfo.io/208.65.153.251,208.65.153.251,11
https://ipinfo.io/178.128.220.220,178.128.220.220,11
https://ipinfo.io/172.19.0.1,172.19.0.1,11
https://ipinfo.io/111.90.156.65,111.90.156.65,11
https://ipinfo.io/172.17.1.10,172.17.1.10,11
https://ipinfo.io/100.100.100.10,100.100.100.10,11
https://ipinfo.io/192.168.1.167,192.168.1.167,11
https://ipinfo.io/192.168.1.207,192.168.1.207,11
https://ipinfo.io/192.162.100.1,192.162.100.1,11
https://ipinfo.io/172.16.2.0,172.16.2.0,11
https://ipinfo.io/10.2.0.10,10.2.0.10,11
https://ipinfo.io/10.254.254.254,10.254.254.254,11
https://ipinfo.io/192.168.1.86,192.168.1.86,11
https://ipinfo.io/10.99.0.1,10.99.0.1,11
https://ipinfo.io/101.168.85.69,101.168.85.69,11
https://ipinfo.io/192.168.66.253,192.168.66.253,11
https://ipinfo.io/10.0.0.206,10.0.0.206,11
https://ipinfo.io/192.168.100.31,192.168.100.31,11
https://ipinfo.io/104.21.235.174,104.21.235.174,11
https://ipinfo.io/185.199.108.153,185.199.108.153,11
https://ipinfo.io/192.168.168.31,192.168.168.31,11
https://ipinfo.io/185.3.93.228,185.3.93.228,11
https://ipinfo.io/160.218.161.54,160.218.161.54,11
https://ipinfo.io/10.0.0.133,10.0.0.133,11
https://ipinfo.io/192.168.10.250,192.168.10.250,11
https://ipinfo.io/10.0.0.115,10.0.0.115,11
https://ipinfo.io/192.168.1.174,192.168.1.174,11
https://ipinfo.io/34.107.221.82,34.107.221.82,11
https://ipinfo.io/192.168.0.248,192.168.0.248,11
https://ipinfo.io/185.53.177.52,185.53.177.52,11
https://ipinfo.io/172.16.1.25,172.16.1.25,11
https://ipinfo.io/197.168.0.1,197.168.0.1,11
https://ipinfo.io/157.245.113.153,157.245.113.153,11
https://ipinfo.io/192.168.1.172,192.168.1.172,11
https://ipinfo.io/194.168.254.254,194.168.254.254,11
https://ipinfo.io/104.21.24.225,104.21.24.225,11
https://ipinfo.io/2.48.3.120,2.48.3.120,11
https://ipinfo.io/192.168.0.145,192.168.0.145,11
https://ipinfo.io/212.122.183.11,212.122.183.11,11
https://ipinfo.io/192.168.1.171,192.168.1.171,11
https://ipinfo.io/198.162.0.3,198.162.0.3,11
https://ipinfo.io/1.5.1.1,1.5.1.1,11
https://ipinfo.io/88.8.8.8,88.8.8.8,11
https://ipinfo.io/192.168.254.105,192.168.254.105,10
https://ipinfo.io/192.168.0.33,192.168.0.33,10
https://ipinfo.io/213.171.216.231,213.171.216.231,10
https://ipinfo.io/192.168.178.44,192.168.178.44,10
https://ipinfo.io/192.168.3.6,192.168.3.6,10
https://ipinfo.io/192.168.45.1,192.168.45.1,10
https://ipinfo.io/192.168.10.7,192.168.10.7,10
https://ipinfo.io/192.168.1.132,192.168.1.132,10
https://ipinfo.io/172.20.1.1,172.20.1.1,10
https://ipinfo.io/122.144.5.186,122.144.5.186,10
https://ipinfo.io/192.168.0.26,192.168.0.26,10
https://ipinfo.io/95.211.226.129,95.211.226.129,10
https://ipinfo.io/192.168.3.100,192.168.3.100,10
https://ipinfo.io/192.168.15.150,192.168.15.150,10
https://ipinfo.io/192.168.92.1,192.168.92.1,10
https://ipinfo.io/10.0.0.56,10.0.0.56,10
https://ipinfo.io/192.168.1.248,192.168.1.248,10
https://ipinfo.io/192.168.0.2,192.168.0.2,10
https://ipinfo.io/108.168.255.75,108.168.255.75,10
https://ipinfo.io/192.168.1.182,192.168.1.182,10
https://ipinfo.io/10.0.0.89,10.0.0.89,10
https://ipinfo.io/10.0.0.148,10.0.0.148,10
https://ipinfo.io/10.0.0.90,10.0.0.90,10
https://ipinfo.io/192.168.1.179,192.168.1.179,10
https://ipinfo.io/192.132.218.176,192.132.218.176,10
https://ipinfo.io/192.168.178.96,192.168.178.96,10
https://ipinfo.io/204.79.197.222,204.79.197.222,10
https://ipinfo.io/192.168.29.1,192.168.29.1,10
https://ipinfo.io/162.198.11.50,162.198.11.50,10
https://ipinfo.io/192.168.178.36,192.168.178.36,10
https://ipinfo.io/192.168.70.3,192.168.70.3,10
https://ipinfo.io/198.1.1.198,198.1.1.198,10
https://ipinfo.io/192.168.200.3,192.168.200.3,10
https://ipinfo.io/12.12.12.5,12.12.12.5,10
https://ipinfo.io/192.168.19.2,192.168.19.2,10
https://ipinfo.io/192.168.161.0,192.168.161.0,10
https://ipinfo.io/198.1.1.1,198.1.1.1,10
https://ipinfo.io/192.168.26.1,192.168.26.1,10
https://ipinfo.io/172.16.14.50,172.16.14.50,10
https://ipinfo.io/180.76.76.76,180.76.76.76,10
https://ipinfo.io/192.168.100.32,192.168.100.32,10
https://ipinfo.io/10.0.0.58,10.0.0.58,10
https://ipinfo.io/192.168.86.1,192.168.86.1,10
https://ipinfo.io/172.16.2.8,172.16.2.8,10
https://ipinfo.io/192.168.1.218,192.168.1.218,10
https://ipinfo.io/192.168.0.155,192.168.0.155,10
https://ipinfo.io/10.0.0.165,10.0.0.165,10
https://ipinfo.io/195.113.214.241,195.113.214.241,10
https://ipinfo.io/192.168.10.11,192.168.10.11,10
https://ipinfo.io/192.198.98.1,192.198.98.1,10
https://ipinfo.io/111.89.176.224,111.89.176.224,10
https://ipinfo.io/167.114.118.4,167.114.118.4,10
https://ipinfo.io/192.168.1.196,192.168.1.196,10
https://ipinfo.io/159.89.221.2,159.89.221.2,10
https://ipinfo.io/192.168.90.254,192.168.90.254,10
https://ipinfo.io/192.168.1.142,192.168.1.142,10
https://ipinfo.io/192.168.1.61,192.168.1.61,10
https://ipinfo.io/192.168.121.103,192.168.121.103,10
https://ipinfo.io/192.168.0.251,192.168.0.251,10
https://ipinfo.io/192.198.1.11,192.198.1.11,10
https://ipinfo.io/192.166.192.166,192.166.192.166,10
https://ipinfo.io/10.0.0.175,10.0.0.175,10
https://ipinfo.io/192.168.2.250,192.168.2.250,10
https://ipinfo.io/172.217.14.110,172.217.14.110,10
https://ipinfo.io/192.168.0.91,192.168.0.91,10
https://ipinfo.io/169.254.0.1,169.254.0.1,10
https://ipinfo.io/10.0.4.254,10.0.4.254,10
https://ipinfo.io/192.186.8.1,192.186.8.1,10
https://ipinfo.io/4.2.2.5,4.2.2.5,10